Country,Capital,Population,Area_km2,Continent,Subregion,Landlocked,Bordering_countries,Coasts,Highest_peak_m,Drives_on,Official_languages,Currency,Government,Hemisphere,Flag_colors,Flag_symbols,Archipelago,EU_member,Commonwealth_member,Largest_city,Time_zones,Calling_code,ISO2,Internet_TLD,Coastline_km,Lowest_point_m,Climate,Major_river,Major_lake,Mountain_range,Major_desert,Crosses_equator,Crosses_prime_meridian,Crosses_tropic_of_cancer,Crosses_tropic_of_capricorn,National_animal,Has_active_volcanoes,Notable_landmark
Algeria,Algiers,44903225,2381741,Africa,North Africa,No,7,Mediterranean,2908,Right,Arabic; Berber,Dinar,Republic,Northern,green; white; red,star; crescent,No,No,No,Algiers,1,+213,DZ,.dz,998,-40,Arid,Chelif,Chott Melrhir,Atlas,Sahara,No,Yes,Yes,No,Fennec fox,No,Tassili nAjjer
Angola,Luanda,35588987,1246700,Africa,Central Africa,No,4,Atlantic,2620,Right,Portuguese,Kwanza,Republic,Southern,red; black; yellow,star,No,No,No,Luanda,1,+244,AO,.ao,1600,0,Tropical,Kwanza,none,Bie Plateau,Namib,No,No,No,No,Giant sable antelope,No,Kalandula Falls
Benin,Porto-Novo,13352864,112622,Africa,West Africa,No,4,Atlantic,658,Right,French,Franc,Republic,Northern,green; yellow; red,none,No,No,No,Cotonou,1,+229,BJ,.bj,121,0,Tropical,Oueme,Lake Nokoue,Atacora,none,No,No,No,No,Leopard,No,Royal Palaces of Abomey
Botswana,Gaborone,2630296,581730,Africa,Southern Africa,Yes,4,none,1489,Left,English; Tswana,Pula,Republic,Southern,blue; white; black,none,No,No,Yes,Gaborone,1,+267,BW,.bw,0,513,Arid,Limpopo,Lake Ngami,none,Kalahari,No,No,No,Yes,Zebra,No,Okavango Delta
Burkina Faso,Ouagadougou,22673762,274200,Africa,Sahel,Yes,6,none,749,Right,French,Franc,Other,Northern,red; green; yellow,star,No,No,No,Ouagadougou,1,+226,BF,.bf,0,200,Arid,Mouhoun (Black Volta),none,none,Sahel,No,Yes,No,No,White stallion,No,Ruins of Loropeni
Burundi,Gitega,12889576,27834,Africa,East Africa,Yes,3,none,2685,Right,Kirundi; French; English,Franc,Republic,Southern,red; green; white,star,No,No,No,Bujumbura,1,+257,BI,.bi,0,772,Tropical,Ruzizi,Lake Tanganyika,none,none,No,No,No,No,Lion,No,Lake Tanganyika
Cabo Verde,Praia,593149,4033,Africa,West Africa,No,0,Atlantic,2829,Right,Portuguese,Escudo,Republic,Northern,blue; white; red; yellow,star,Yes,No,No,Praia,1,+238,CV,.cv,965,0,Arid,none,none,none,none,No,No,No,No,none,Yes,Pico do Fogo
Cameroon,Yaounde,27914536,475442,Africa,Central Africa,No,6,Atlantic,4040,Right,French; English,Franc,Republic,Northern,green; red; yellow,star,No,No,Yes,Douala,1,+237,CM,.cm,402,0,Tropical,Sanaga,Lake Chad,Cameroon Highlands,none,No,No,No,No,Lion,Yes,Mount Cameroon
Central African Republic,Bangui,5579144,622984,Africa,Central Africa,Yes,6,none,1410,Right,French; Sango,Franc,Republic,Northern,blue; white; green; yellow; red,star,No,No,No,Bangui,1,+236,CF,.cf,0,335,Tropical,Ubangi,none,none,none,No,No,No,No,none,No,Dzanga-Sangha
Chad,N'Djamena,17723315,1284000,Africa,Sahel,Yes,6,none,3445,Right,French; Arabic,Franc,Republic,Northern,blue; yellow; red,none,No,No,No,NDjamena,1,+235,TD,.td,0,160,Arid,Chari,Lake Chad,Tibesti,Sahara,No,No,Yes,No,none,No,Lakes of Ounianga
Comoros,Moroni,836774,1862,Africa,East Africa,No,0,Indian,2361,Right,Comorian; Arabic; French,Franc,Republic,Southern,green; white; red; yellow; blue,star; crescent,Yes,No,No,Moroni,1,+269,KM,.km,340,0,Tropical,none,none,none,none,No,No,No,No,none,Yes,Mount Karthala
Congo,Brazzaville,5970424,342000,Africa,Central Africa,No,5,Atlantic,1020,Right,French,Franc,Republic,Both,green; yellow; red,none,No,No,No,Brazzaville,1,+242,CG,.cg,169,0,Tropical,Congo,none,Mayombe,none,Yes,No,No,No,none,No,Odzala-Kokoua forest
Cote d'Ivoire,Yamoussoukro,28160542,322463,Africa,West Africa,No,5,Atlantic,1752,Right,French,Franc,Republic,Northern,orange; white; green,none,No,No,No,Abidjan,1,+225,CI,.ci,515,0,Tropical,Bandama,Lake Kossou,none,none,No,No,No,No,African elephant,No,Basilica of Yamoussoukro
Democratic Republic of the Congo,Kinshasa,99010212,2344858,Africa,Central Africa,No,9,Atlantic,5109,Right,French,Franc,Republic,Both,blue; red; yellow,star,No,No,No,Kinshasa,2,+243,CD,.cd,37,0,Tropical,Congo,Lake Tanganyika,Rwenzori,none,Yes,No,No,No,Okapi,Yes,Mount Nyiragongo
Djibouti,Djibouti,1120849,23200,Africa,Horn of Africa,No,3,Indian,2028,Right,French; Arabic,Franc,Republic,Northern,blue; white; green; red,star,No,No,No,Djibouti,1,+253,DJ,.dj,314,-155,Arid,none,Lake Assal,none,Danakil,No,No,No,No,none,Yes,Lake Assal
Egypt,Cairo,110990103,1001450,Africa,North Africa,No,3,Mediterranean; Indian,2629,Right,Arabic,Pound,Republic,Northern,red; white; black,animal,No,No,No,Cairo,1,+20,EG,.eg,2450,-133,Arid,Nile,Lake Nasser,Sinai,Sahara,No,No,Yes,No,Steppe eagle,No,Pyramids of Giza
Equatorial Guinea,Malabo,1674908,28051,Africa,Central Africa,No,2,Atlantic,3008,Right,Spanish; French; Portuguese,Franc,Republic,Both,green; white; red; blue,coat of arms/emblem; plant,No,No,No,Bata,1,+240,GQ,.gq,296,0,Tropical,Mbini,none,none,none,Yes,No,No,No,none,Yes,Pico Basile
Eritrea,Asmara,3684032,117600,Africa,Horn of Africa,No,3,Indian,3018,Right,Tigrinya; Arabic; English,Nakfa,One-party state,Northern,green; red; blue; yellow,plant,No,No,No,Asmara,1,+291,ER,.er,2234,-75,Arid,Gash,none,Eritrean Highlands,Danakil,No,No,No,No,Camel,Yes,Asmara modernist city
Eswatini,Mbabane,1201670,17364,Africa,Southern Africa,Yes,2,none,1862,Left,English; Swazi,Lilangeni,Absolute monarchy,Southern,blue; yellow; red; black; white,animal; coat of arms/emblem,No,No,Yes,Manzini,1,+268,SZ,.sz,0,21,Subtropical,Great Usutu,none,Drakensberg,none,No,No,No,No,Lion,No,Hlane Royal Park
Ethiopia,Addis Ababa,123379924,1104300,Africa,Horn of Africa,Yes,6,none,4550,Right,Amharic,Birr,Republic,Northern,green; yellow; red; blue,star,No,No,No,Addis Ababa,1,+251,ET,.et,0,-125,Highland,Blue Nile,Lake Tana,Ethiopian Highlands,Danakil,No,No,No,No,Lion,Yes,Rock churches of Lalibela
Gabon,Libreville,2388992,267668,Africa,Central Africa,No,3,Atlantic,1575,Right,French,Franc,Other,Both,green; yellow; blue,none,No,No,No,Libreville,1,+241,GA,.ga,885,0,Tropical,Ogooue,none,Cristal Mountains,none,Yes,No,No,No,Black panther,No,Loango National Park
Gambia,Banjul,2705992,11295,Africa,West Africa,No,1,Atlantic,53,Right,English,Dalasi,Republic,Northern,red; blue; green; white,none,No,No,Yes,Banjul,1,+220,GM,.gm,80,0,Tropical,Gambia,none,none,none,No,No,No,No,none,No,River Gambia
Ghana,Accra,33475870,238533,Africa,West Africa,No,3,Atlantic,885,Right,English,Cedi,Republic,Northern,red; yellow; green; black,star,No,No,Yes,Accra,1,+233,GH,.gh,539,0,Tropical,Volta,Lake Volta,none,none,No,Yes,No,No,Eagle,No,Cape Coast Castle
Guinea,Conakry,13859341,245857,Africa,West Africa,No,6,Atlantic,1752,Right,French,Franc,Other,Northern,red; yellow; green,none,No,No,No,Conakry,1,+224,GN,.gn,320,0,Tropical,Niger,none,Fouta Djallon,none,No,No,No,No,none,No,Mount Nimba
Guinea-Bissau,Bissau,2105566,36125,Africa,West Africa,No,2,Atlantic,300,Right,Portuguese,Franc,Republic,Northern,red; yellow; green; black,star,No,No,No,Bissau,1,+245,GW,.gw,350,0,Tropical,Geba,none,none,none,No,No,No,No,none,No,Bijagos Archipelago
Kenya,Nairobi,54027487,580367,Africa,East Africa,No,5,Indian,5199,Left,Swahili; English,Shilling,Republic,Both,black; red; green; white,coat of arms/emblem,No,No,Yes,Nairobi,1,+254,KE,.ke,536,0,Tropical,Tana,Lake Victoria,Great Rift Valley,none,Yes,No,No,No,Lion,No,Maasai Mara
Lesotho,Maseru,2305825,30355,Africa,Southern Africa,Yes,1,none,3482,Left,Sesotho; English,Loti,Constitutional monarchy,Southern,blue; white; green; black,none,No,No,Yes,Maseru,1,+266,LS,.ls,0,1400,Highland,Orange,Letseng,Drakensberg,none,No,No,No,No,none,No,Maletsunyane Falls
Liberia,Monrovia,5302681,111369,Africa,West Africa,No,3,Atlantic,1440,Right,English,Dollar,Republic,Northern,red; white; blue,star,No,No,No,Monrovia,1,+231,LR,.lr,579,0,Tropical,Saint Paul,Lake Piso,Nimba Range,none,No,No,No,No,none,No,Sapo National Park
Libya,Tripoli,6812341,1759540,Africa,North Africa,No,6,Mediterranean,2267,Right,Arabic,Dinar,Republic,Northern,red; black; green; white,star; crescent,No,No,No,Tripoli,1,+218,LY,.ly,1770,-47,Arid,none,none,Tibesti,Sahara,No,No,Yes,No,none,No,Leptis Magna
Madagascar,Antananarivo,28915653,587041,Africa,East Africa,No,0,Indian,2876,Right,Malagasy; French,Ariary,Republic,Southern,red; white; green,none,No,No,No,Antananarivo,1,+261,MG,.mg,4828,0,Tropical,Betsiboka,Lake Alaotra,Central Highlands,none,No,No,Yes,Yes,Ring-tailed lemur,No,Avenue of the Baobabs
Malawi,Lilongwe,20405317,118484,Africa,Southern Africa,Yes,3,none,3002,Left,English; Chichewa,Kwacha,Republic,Southern,black; red; green,sun/disc,No,No,Yes,Lilongwe,1,+265,MW,.mw,0,37,Tropical,Shire,Lake Malawi,none,none,No,No,No,No,African fish eagle,No,Lake Malawi
Mali,Bamako,22593590,1240192,Africa,Sahel,Yes,7,none,1155,Right,Bambara; French,Franc,Other,Northern,green; yellow; red,none,No,No,No,Bamako,1,+223,ML,.ml,0,23,Arid,Niger,Lake Faguibine,none,Sahara,No,Yes,Yes,No,none,No,Great Mosque of Djenne
Mauritania,Nouakchott,4736139,1030700,Africa,West Africa,No,4,Atlantic,915,Right,Arabic,Ouguiya,Republic,Northern,green; yellow; red,star; crescent,No,No,No,Nouakchott,1,+222,MR,.mr,754,-3,Arid,Senegal,none,Adrar Plateau,Sahara,No,No,Yes,No,none,No,Banc dArguin
Mauritius,Port Louis,1299469,2040,Africa,East Africa,No,0,Indian,828,Left,English,Rupee,Republic,Southern,red; blue; yellow; green,none,Yes,No,Yes,Port Louis,1,+230,MU,.mu,177,0,Tropical,Grand River,Grand Bassin,none,none,No,No,Yes,No,Dodo,No,Le Morne Brabant
Morocco,Rabat,37457971,446550,Africa,North Africa,No,2,Atlantic; Mediterranean,4167,Right,Arabic; Berber,Dirham,Constitutional monarchy,Northern,red; green,star,No,No,No,Casablanca,1,+212,MA,.ma,1835,-55,Mediterranean,Draa,none,Atlas,Sahara,No,No,No,No,Barbary lion,No,Marrakech Medina
Mozambique,Maputo,32969518,801590,Africa,Southern Africa,No,6,Indian,2436,Left,Portuguese,Metical,Republic,Southern,green; black; yellow; white; red,star,No,No,Yes,Maputo,1,+258,MZ,.mz,2470,0,Tropical,Zambezi,Lake Malawi,none,none,No,No,No,Yes,none,No,Bazaruto Archipelago
Namibia,Windhoek,2567012,825615,Africa,Southern Africa,No,4,Atlantic,2606,Left,English,Dollar,Republic,Southern,blue; red; green; white; yellow,sun/disc,No,No,Yes,Windhoek,1,+264,NA,.na,1572,0,Arid,Orange,none,none,Namib,No,No,No,Yes,Oryx,No,Sossusvlei Dunes
Niger,Niamey,26207977,1267000,Africa,Sahel,Yes,7,none,2022,Right,French,Franc,Other,Northern,orange; white; green,sun/disc,No,No,No,Niamey,1,+227,NE,.ne,0,200,Arid,Niger,Lake Chad,Air Mountains,Sahara,No,No,Yes,No,none,No,Air Mountains
Nigeria,Abuja,218541212,923768,Africa,West Africa,No,4,Atlantic,2419,Right,English,Naira,Republic,Northern,green; white,none,No,No,Yes,Lagos,1,+234,NG,.ng,853,0,Tropical,Niger,Lake Chad,Jos Plateau,none,No,No,No,No,Eagle,No,Zuma Rock
Rwanda,Kigali,13776698,26338,Africa,East Africa,Yes,4,none,4507,Right,Kinyarwanda; English; French; Swahili,Franc,Republic,Southern,blue; yellow; green,sun/disc,No,No,Yes,Kigali,1,+250,RW,.rw,0,950,Highland,Nyabarongo,Lake Kivu,Virunga,none,No,No,No,No,Mountain gorilla,Yes,Volcanoes National Park
Sao Tome and Principe,Sao Tome,227380,964,Africa,Central Africa,No,0,Atlantic,2024,Right,Portuguese,Dobra,Republic,Both,green; yellow; red; black,star,Yes,No,No,Sao Tome,1,+239,ST,.st,209,0,Tropical,none,none,none,none,Yes,No,No,No,none,No,Pico Cao Grande
Senegal,Dakar,17316449,196722,Africa,West Africa,No,5,Atlantic,648,Right,French,Franc,Republic,Northern,green; yellow; red,star,No,No,No,Dakar,1,+221,SN,.sn,531,0,Arid,Senegal,Lake Retba,none,none,No,No,No,No,Lion,No,Goree Island
Seychelles,Victoria,107118,452,Africa,East Africa,No,0,Indian,905,Left,English; French; Seychellois Creole,Rupee,Republic,Southern,blue; yellow; red; white; green,none,Yes,No,Yes,Victoria,1,+248,SC,.sc,491,0,Tropical,none,none,none,none,No,No,No,No,Aldabra giant tortoise,No,Anse Source dArgent
Sierra Leone,Freetown,8605718,71740,Africa,West Africa,No,2,Atlantic,1948,Right,English,Leone,Republic,Northern,green; white; blue,none,No,No,Yes,Freetown,1,+232,SL,.sl,402,0,Tropical,Rokel,none,Loma Mountains,none,No,No,No,No,none,No,Tiwai Island
Somalia,Mogadishu,17597511,637657,Africa,Horn of Africa,No,3,Indian,2460,Right,Somali; Arabic,Shilling,Republic,Both,blue; white,star,No,No,No,Mogadishu,1,+252,SO,.so,3025,0,Arid,Jubba,none,Cal Madow,none,Yes,No,No,No,Leopard,No,Laas Geel Cave Art
South Africa,Pretoria,59893885,1221037,Africa,Southern Africa,No,6,Atlantic; Indian,3450,Left,English; Afrikaans; Zulu; Xhosa,Rand,Republic,Southern,red; blue; green; yellow; black; white,none,No,No,Yes,Johannesburg,1,+27,ZA,.za,2798,0,Temperate,Orange,none,Drakensberg,Kalahari,No,No,No,Yes,Springbok,No,Table Mountain
South Sudan,Juba,10913164,619745,Africa,East Africa,Yes,6,none,3187,Right,English,Pound,Republic,Northern,black; red; green; white; blue; yellow,star,No,No,No,Juba,1,+211,SS,.ss,0,381,Tropical,White Nile,none,Imatong,none,No,No,No,No,African fish eagle,No,Sudd Wetland
Sudan,Khartoum,46874204,1886068,Africa,North Africa,No,7,Indian,3042,Right,Arabic; English,Pound,Other,Northern,red; white; black; green,none,No,No,No,Omdurman,1,+249,SD,.sd,853,0,Arid,Nile,Lake Nubia,Marra Mountains,Sahara,No,No,No,No,Secretary bird,No,Pyramids of Meroe
Tanzania,Dodoma,65497748,945087,Africa,East Africa,No,8,Indian,5895,Left,Swahili; English,Shilling,Republic,Southern,green; yellow; black; blue,none,No,No,Yes,Dar es Salaam,1,+255,TZ,.tz,1424,0,Tropical,Rufiji,Lake Victoria,none,none,Yes,No,No,No,Giraffe,Yes,Mount Kilimanjaro
Togo,Lome,8848699,56785,Africa,West Africa,No,3,Atlantic,986,Right,French,Franc,Republic,Northern,green; yellow; red; white,star,No,No,No,Lome,1,+228,TG,.tg,56,0,Tropical,Mono,Lake Togo,none,none,No,Yes,No,No,none,No,Koutammakou
Tunisia,Tunis,12356117,163610,Africa,North Africa,No,2,Mediterranean,1544,Right,Arabic,Dinar,Republic,Northern,red; white,star; crescent,No,No,No,Tunis,1,+216,TN,.tn,1148,-17,Mediterranean,Medjerda,Chott el Djerid,Atlas,Sahara,No,No,No,No,none,No,Carthage Ruins
Uganda,Kampala,47249585,241550,Africa,East Africa,Yes,5,none,5109,Left,English; Swahili,Shilling,Republic,Both,black; yellow; red,animal,No,No,Yes,Kampala,1,+256,UG,.ug,0,621,Tropical,Nile,Lake Victoria,Rwenzori,none,Yes,No,No,No,Grey crowned crane,No,Bwindi Forest
Zambia,Lusaka,20017675,752618,Africa,Southern Africa,Yes,8,none,2339,Left,English,Kwacha,Republic,Southern,green; red; black; orange,animal,No,No,Yes,Lusaka,1,+260,ZM,.zm,0,329,Tropical,Zambezi,Lake Kariba,Muchinga,none,No,No,No,Yes,African fish eagle,No,Victoria Falls
Zimbabwe,Harare,16320537,390757,Africa,Southern Africa,Yes,4,none,2592,Left,English; Shona; Ndebele,Dollar,Republic,Southern,green; yellow; red; black; white,star; animal,No,No,No,Harare,1,+263,ZW,.zw,0,162,Tropical,Zambezi,Lake Kariba,Eastern Highlands,none,No,No,No,Yes,Sable antelope,No,Great Zimbabwe
Afghanistan,Kabul,41128771,652230,Asia,Central Asia,Yes,6,none,7492,Right,Pashto; Dari,Afghani,Other,Northern,red; green; black; white,coat of arms/emblem,No,No,No,Kabul,1,+93,AF,.af,0,258,Arid,Amu Darya,none,Hindu Kush,Registan Desert,No,No,No,No,Snow leopard,No,Band-e Amir Lakes
Armenia,Yerevan,2780469,29743,Asia,South Caucasus,Yes,4,none,4090,Right,Armenian,Dram,Republic,Northern,red; blue; orange,none,No,No,No,Yerevan,1,+374,AM,.am,0,400,Highland,Aras,Lake Sevan,Lesser Caucasus,none,No,No,No,No,Eagle,No,Lake Sevan
Azerbaijan,Baku,10358074,86600,Asia,South Caucasus,Yes,5,none,4466,Right,Azerbaijani,Manat,Republic,Northern,blue; red; green,star; crescent,No,No,No,Baku,1,+994,AZ,.az,0,-28,Temperate,Kura,Caspian Sea,Greater Caucasus,none,No,No,No,No,Karabakh horse,Yes,Flame Towers
Bahrain,Manama,1472233,786,Asia,Middle East,No,0,Indian,134,Right,Arabic,Dinar,Constitutional monarchy,Northern,red; white,none,Yes,No,No,Manama,1,+973,BH,.bh,161,0,Arid,none,none,none,none,No,No,No,No,Arabian oryx,No,Tree of Life
Bangladesh,Dhaka,171186372,147570,Asia,South Asia,No,2,Indian,1052,Left,Bengali,Taka,Republic,Northern,green; red,sun/disc,No,No,Yes,Dhaka,1,+880,BD,.bd,580,0,Tropical,Ganges,Kaptai Lake,Chittagong Hills,none,No,No,Yes,No,Royal Bengal tiger,No,Sundarbans
Bhutan,Thimphu,777486,38394,Asia,South Asia,Yes,2,none,7570,Left,Dzongkha,Ngultrum,Constitutional monarchy,Northern,yellow; orange,animal,No,No,No,Thimphu,1,+975,BT,.bt,0,97,Highland,Manas,none,Himalayas,none,No,No,No,No,Takin,No,Tigers Nest Monastery
Brunei,Bandar Seri Begawan,449002,5765,Asia,Southeast Asia,No,1,Pacific,1850,Left,Malay,Dollar,Absolute monarchy,Northern,yellow; white; black; red,coat of arms/emblem; crescent,No,No,Yes,Bandar Seri Begawan,1,+673,BN,.bn,161,0,Tropical,Belait,none,none,none,No,No,No,No,White-bellied sea eagle,No,Sultan Omar Ali Saifuddien Mosque
Cambodia,Phnom Penh,16767842,181035,Asia,Southeast Asia,No,3,Pacific,1810,Right,Khmer,Riel,Constitutional monarchy,Northern,red; blue; white,coat of arms/emblem,No,No,No,Phnom Penh,1,+855,KH,.kh,443,0,Tropical,Mekong,Tonle Sap,Cardamom Mountains,none,No,No,No,No,Kouprey,No,Angkor Wat
China,Beijing,1425671352,9596961,Asia,East Asia,No,14,Pacific,8849,Right,Mandarin Chinese,Yuan,One-party state,Northern,red; yellow,star,No,No,No,Shanghai,1,+86,CN,.cn,14500,-154,Continental,Yangtze,Qinghai Lake,Himalayas,Gobi,No,No,Yes,No,Giant panda,No,Great Wall of China
Cyprus,Nicosia,1251488,9251,Europe,Middle East,No,0,Mediterranean,1952,Left,Greek; Turkish,Euro,Republic,Northern,white; orange,plant,Yes,Yes,Yes,Nicosia,1,+357,CY,.cy,648,0,Mediterranean,Pedieos,none,Troodos,none,No,No,No,No,Cypriot mouflon,No,Tombs of the Kings
Georgia,Tbilisi,3744385,69700,Asia,South Caucasus,No,4,Mediterranean,5193,Right,Georgian,Lari,Republic,Northern,white; red,cross,No,No,No,Tbilisi,1,+995,GE,.ge,310,0,Temperate,Kura,none,Greater Caucasus,none,No,No,No,No,Leopard,No,Gergeti Trinity Church
India,New Delhi,1417173173,3287263,Asia,South Asia,No,6,Indian,8586,Left,Hindi; English,Rupee,Republic,Northern,orange; white; green; blue,sun/disc,No,No,Yes,Mumbai,1,+91,IN,.in,7000,0,Tropical,Ganges,Wular Lake,Himalayas,Thar,No,No,Yes,No,Bengal tiger,No,Taj Mahal
Indonesia,Jakarta,275501339,1904569,Asia,Southeast Asia,No,3,Indian; Pacific,4884,Left,Indonesian,Rupiah,Republic,Both,red; white,none,Yes,No,No,Jakarta,3,+62,ID,.id,54716,0,Tropical,Kapuas,Lake Toba,Barisan Mountains,none,Yes,No,No,No,Komodo dragon,Yes,Borobudur
Iran,Tehran,88550570,1648195,Asia,Middle East,No,7,Indian,5610,Right,Persian,Rial,Other,Northern,green; white; red,coat of arms/emblem,No,No,No,Tehran,1,+98,IR,.ir,2440,-28,Arid,Karun,Lake Urmia,Zagros,Dasht-e Kavir,No,No,No,No,Asiatic lion,Yes,Persepolis
Iraq,Baghdad,44496122,438317,Asia,Middle East,No,6,Indian,3611,Right,Arabic; Kurdish,Dinar,Republic,Northern,red; white; black; green,none,No,No,No,Baghdad,1,+964,IQ,.iq,58,0,Arid,Tigris,Lake Tharthar,Zagros,Syrian Desert,No,No,No,No,none,No,Babylon Ruins
Israel,Jerusalem,9038309,22072,Asia,Middle East,No,4,Mediterranean; Indian,2236,Right,Hebrew,Shekel,Republic,Northern,blue; white,star,No,No,No,Jerusalem,1,+972,IL,.il,273,-430,Mediterranean,Jordan,Dead Sea,none,Negev,No,No,No,No,Hoopoe,No,Western Wall
Japan,Tokyo,124947000,377975,Asia,East Asia,No,0,Pacific,3776,Left,Japanese,Yen,Constitutional monarchy,Northern,white; red,sun/disc,Yes,No,No,Tokyo,1,+81,JP,.jp,29751,0,Temperate,Shinano,Lake Biwa,Japanese Alps,none,No,No,No,No,Green pheasant,Yes,Mount Fuji
Jordan,Amman,11285869,89342,Asia,Middle East,No,4,Indian,1854,Right,Arabic,Dinar,Constitutional monarchy,Northern,black; white; green; red,star,No,No,No,Amman,1,+962,JO,.jo,26,-430,Arid,Jordan,Dead Sea,none,Arabian Desert,No,No,No,No,Arabian oryx,No,Petra
Kazakhstan,Astana,19397998,2724900,Asia,Central Asia,Yes,5,none,7010,Right,Kazakh; Russian,Tenge,Republic,Northern,blue; yellow,sun/disc; animal,No,No,No,Almaty,2,+7,KZ,.kz,0,-132,Continental,Irtysh,Lake Balkhash,Tian Shan,Betpak-Dala,No,No,No,No,Golden eagle,No,Charyn Canyon
Kuwait,Kuwait City,4268873,17818,Asia,Middle East,No,2,Indian,306,Right,Arabic,Dinar,Constitutional monarchy,Northern,green; white; red; black,none,No,No,No,Kuwait City,1,+965,KW,.kw,499,0,Arid,none,none,none,Arabian Desert,No,No,No,No,Falcon,No,Kuwait Towers
Kyrgyzstan,Bishkek,6630623,199951,Asia,Central Asia,Yes,4,none,7439,Right,Kyrgyz; Russian,Som,Republic,Northern,red; yellow,sun/disc,No,No,No,Bishkek,1,+996,KG,.kg,0,132,Continental,Naryn,Issyk-Kul,Tian Shan,none,No,No,No,No,Snow leopard,No,Lake Issyk-Kul
Laos,Vientiane,7529475,236800,Asia,Southeast Asia,Yes,5,none,2819,Right,Lao,Kip,One-party state,Northern,red; blue; white,sun/disc,No,No,No,Vientiane,1,+856,LA,.la,0,70,Tropical,Mekong,none,Annamite Range,none,No,No,No,No,Asian elephant,No,Luang Prabang
Lebanon,Beirut,5489739,10452,Asia,Middle East,No,2,Mediterranean,3088,Right,Arabic,Pound,Republic,Northern,red; white; green,plant,No,No,No,Beirut,1,+961,LB,.lb,225,0,Mediterranean,Litani,Qaraoun,Mount Lebanon,none,No,No,No,No,Striped hyena,No,Baalbek
Malaysia,Kuala Lumpur,33938221,330803,Asia,Southeast Asia,No,3,Pacific; Indian,4095,Left,Malay,Ringgit,Constitutional monarchy,Northern,red; white; blue; yellow,star; crescent,Yes,No,Yes,Kuala Lumpur,1,+60,MY,.my,4675,0,Tropical,Rajang,none,Crocker Range,none,No,No,No,No,Malayan tiger,No,Petronas Towers
Maldives,Male,523787,300,Asia,South Asia,No,0,Indian,5,Left,Dhivehi,Rufiyaa,Republic,Both,red; green; white,star; crescent,Yes,No,Yes,Male,1,+960,MV,.mv,644,0,Tropical,none,none,none,none,Yes,No,No,No,Yellowfin tuna,No,Coral atolls
Mongolia,Ulaanbaatar,3398366,1564110,Asia,East Asia,Yes,2,none,4374,Right,Mongolian,Togrog,Republic,Northern,red; blue; yellow,sun/disc; coat of arms/emblem,No,No,No,Ulaanbaatar,2,+976,MN,.mn,0,560,Continental,Selenge,Lake Khovsgol,Altai,Gobi,No,No,No,No,Przewalskis horse,No,Gobi Desert
Myanmar,Naypyidaw,54179306,676578,Asia,Southeast Asia,No,5,Indian,5881,Right,Burmese,Kyat,Other,Northern,yellow; green; red; white,star,No,No,No,Yangon,1,+95,MM,.mm,1930,0,Tropical,Irrawaddy,Inle Lake,Arakan Mountains,none,No,No,Yes,No,Tiger,No,Bagan Temples
Nepal,Kathmandu,30547580,147181,Asia,South Asia,Yes,2,none,8849,Right,Nepali,Rupee,Republic,Northern,red; blue; white,sun/disc; crescent,No,No,No,Kathmandu,1,+977,NP,.np,0,70,Highland,Koshi,Rara Lake,Himalayas,none,No,No,No,No,Cow,No,Mount Everest
North Korea,Pyongyang,26069416,120538,Asia,East Asia,No,3,Pacific,2744,Right,Korean,Won,One-party state,Northern,blue; red; white,star,No,No,No,Pyongyang,1,+850,KP,.kp,2495,0,Continental,Yalu,Lake Chon (crater),Hamgyong,none,No,No,No,No,Siberian tiger,Yes,Mount Paektu
Oman,Muscat,4576298,309500,Asia,Middle East,No,3,Indian,3009,Right,Arabic,Rial,Absolute monarchy,Northern,red; white; green,coat of arms/emblem,No,No,No,Muscat,1,+968,OM,.om,2092,0,Arid,none,none,Al Hajar,Rub al Khali,No,No,No,No,Arabian oryx,No,Sultan Qaboos Grand Mosque
Pakistan,Islamabad,235824862,881913,Asia,South Asia,No,4,Indian,8611,Left,Urdu; English,Rupee,Republic,Northern,green; white,star; crescent,No,No,Yes,Karachi,1,+92,PK,.pk,1046,0,Arid,Indus,Manchar Lake,Karakoram,Thar,No,No,Yes,No,Markhor,No,Badshahi Mosque
Philippines,Manila,115559009,300000,Asia,Southeast Asia,No,0,Pacific,2954,Right,Filipino; English,Peso,Republic,Northern,blue; red; white; yellow,sun/disc; star,Yes,No,No,Quezon City,1,+63,PH,.ph,36289,0,Tropical,Cagayan,Laguna de Bay,Sierra Madre,none,No,No,No,No,Carabao,Yes,Chocolate Hills
Qatar,Doha,2695122,11586,Asia,Middle East,No,1,Indian,103,Right,Arabic,Riyal,Absolute monarchy,Northern,white; red,none,No,No,No,Doha,1,+974,QA,.qa,563,0,Arid,none,none,none,Arabian Desert,No,No,No,No,Arabian oryx,No,Museum of Islamic Art
Saudi Arabia,Riyadh,36408820,2149690,Asia,Middle East,No,7,Indian,3015,Right,Arabic,Riyal,Absolute monarchy,Northern,green; white,none,No,No,No,Riyadh,1,+966,SA,.sa,2640,0,Arid,none,none,Asir Mountains,Rub al Khali,No,No,Yes,No,Arabian camel,No,Kaaba (Mecca)
Singapore,Singapore,5637022,733,Asia,Southeast Asia,No,0,Indian; Pacific,164,Left,English; Malay; Mandarin Chinese; Tamil,Dollar,Republic,Northern,red; white,star; crescent,Yes,No,Yes,Singapore,1,+65,SG,.sg,193,0,Tropical,none,none,none,none,No,No,No,No,Lion,No,Marina Bay Sands
South Korea,Seoul,51815810,100210,Asia,East Asia,No,1,Pacific,1947,Right,Korean,Won,Republic,Northern,red; blue; white; black,sun/disc,No,No,No,Seoul,1,+82,KR,.kr,2413,0,Temperate,Han,none,Taebaek,none,No,No,No,No,Siberian tiger,No,Gyeongbokgung Palace
Sri Lanka,Sri Jayawardenepura Kotte,21832143,65610,Asia,South Asia,No,0,Indian,2524,Left,Sinhala; Tamil,Rupee,Republic,Northern,red; yellow; green; orange,animal; plant,No,No,Yes,Colombo,1,+94,LK,.lk,1340,0,Tropical,Mahaweli,none,Central Highlands,none,No,No,No,No,Lion,No,Sigiriya
Syria,Damascus,22125000,185180,Asia,Middle East,No,5,Mediterranean,2814,Right,Arabic,Pound,Republic,Northern,green; white; black; red,star,No,No,No,Damascus,1,+963,SY,.sy,193,0,Arid,Euphrates,none,Anti-Lebanon,Syrian Desert,No,No,No,No,Hawk,No,Palmyra
Tajikistan,Dushanbe,9952787,143100,Asia,Central Asia,Yes,4,none,7495,Right,Tajik,Somoni,Republic,Northern,red; white; green; yellow,coat of arms/emblem,No,No,No,Dushanbe,1,+992,TJ,.tj,0,300,Highland,Amu Darya,Karakul,Pamir,none,No,No,No,No,Snow leopard,No,Pamir Mountains
Thailand,Bangkok,71697030,513120,Asia,Southeast Asia,No,4,Pacific; Indian,2565,Left,Thai,Baht,Constitutional monarchy,Northern,red; white; blue,none,No,No,No,Bangkok,1,+66,TH,.th,3219,0,Tropical,Chao Phraya,none,Tenasserim Hills,none,No,No,No,No,Elephant,No,Grand Palace
Timor-Leste,Dili,1341296,14874,Asia,Southeast Asia,No,1,Pacific,2963,Left,Tetum; Portuguese,Dollar,Republic,Southern,red; yellow; black; white,star,No,No,No,Dili,1,+670,TL,.tl,706,0,Tropical,Loes,none,Ramelau,none,No,No,No,No,Crocodile,No,Cristo Rei of Dili
Turkey,Ankara,85341241,783562,Asia,Middle East,No,8,Mediterranean,5137,Right,Turkish,Lira,Republic,Northern,red; white,star; crescent,No,No,No,Istanbul,1,+90,TR,.tr,7200,0,Mediterranean,Euphrates,Lake Van,Taurus,none,No,No,No,No,Grey wolf,Yes,Hagia Sophia
Turkmenistan,Ashgabat,6430770,488100,Asia,Central Asia,Yes,4,none,3139,Right,Turkmen,Manat,Republic,Northern,green; red; white,star; crescent; plant,No,No,No,Ashgabat,1,+993,TM,.tm,0,-81,Arid,Amu Darya,Sarygamysh,Kopet Dag,Karakum,No,No,No,No,Akhal-Teke horse,No,Darvaza Gas Crater
United Arab Emirates,Abu Dhabi,9441129,83600,Asia,Middle East,No,2,Indian,1934,Right,Arabic,Dirham,Other,Northern,red; green; white; black,none,No,No,No,Dubai,1,+971,AE,.ae,1318,0,Arid,none,none,Hajar,Rub al Khali,No,No,Yes,No,Falcon,No,Burj Khalifa
Uzbekistan,Tashkent,35648100,447400,Asia,Central Asia,Yes,5,none,4643,Right,Uzbek,Som,Republic,Northern,blue; white; green; red,star; crescent,No,No,No,Tashkent,1,+998,UZ,.uz,0,-12,Arid,Amu Darya,Aral Sea,Tian Shan,Kyzylkum,No,No,No,No,none,No,Registan (Samarkand)
Vietnam,Hanoi,98186856,331212,Asia,Southeast Asia,No,3,Pacific,3147,Right,Vietnamese,Dong,One-party state,Northern,red; yellow,star,No,No,No,Ho Chi Minh City,1,+84,VN,.vn,3444,0,Tropical,Mekong,none,Annamite Range,none,No,No,No,No,Water buffalo,No,Ha Long Bay
Yemen,Sana'a,33696614,527968,Asia,Middle East,No,2,Indian,3666,Right,Arabic,Rial,Republic,Northern,red; white; black,none,No,No,No,Sanaa,1,+967,YE,.ye,1906,0,Arid,none,none,Sarawat,Rub al Khali,No,No,No,No,Arabian leopard,Yes,Old City of Sanaa
Albania,Tirana,2842321,28748,Europe,Balkans,No,4,Mediterranean,2764,Right,Albanian,Lek,Republic,Northern,red; black,animal,No,No,No,Tirana,1,+355,AL,.al,362,0,Mediterranean,Drin,Lake Ohrid,Albanian Alps,none,No,No,No,No,Golden eagle,No,Butrint
Andorra,Andorra la Vella,79824,468,Europe,Western Europe,Yes,2,none,2942,Right,Catalan,Euro,Constitutional monarchy,Northern,blue; yellow; red,coat of arms/emblem,No,No,No,Andorra la Vella,1,+376,AD,.ad,0,840,Highland,Valira,none,Pyrenees,none,No,No,No,No,Pyrenean chamois,No,Vallnord ski slopes
Austria,Vienna,8939617,83879,Europe,Central Europe,Yes,8,none,3798,Right,German,Euro,Republic,Northern,red; white,none,No,Yes,No,Vienna,1,+43,AT,.at,0,115,Continental,Danube,Neusiedler See,Alps,none,No,No,No,No,Golden eagle,No,Hallstatt
Belarus,Minsk,9534954,207600,Europe,Eastern Europe,Yes,5,none,345,Right,Belarusian; Russian,Ruble,Republic,Northern,red; green; white,none,No,No,No,Minsk,1,+375,BY,.by,0,90,Continental,Dnieper,Lake Naroch,none,none,No,No,No,No,European bison,No,Belovezhskaya Pushcha
Belgium,Brussels,11655930,30528,Europe,Western Europe,No,4,Atlantic,694,Right,Dutch; French; German,Euro,Constitutional monarchy,Northern,black; yellow; red,none,No,Yes,No,Brussels,1,+32,BE,.be,67,0,Oceanic,Meuse,none,Ardennes,none,No,No,No,No,Lion,No,Grand Place
Bosnia and Herzegovina,Sarajevo,3233526,51197,Europe,Balkans,No,3,Mediterranean,2386,Right,Bosnian; Croatian; Serbian,Mark,Republic,Northern,blue; yellow; white,star,No,No,No,Sarajevo,1,+387,BA,.ba,20,0,Continental,Sava,none,Dinaric Alps,none,No,No,No,No,none,No,Stari Most (Mostar)
Bulgaria,Sofia,6781953,110879,Europe,Balkans,No,5,Mediterranean,2925,Right,Bulgarian,Lev,Republic,Northern,white; green; red,none,No,Yes,No,Sofia,1,+359,BG,.bg,354,0,Continental,Danube,none,Balkan Mountains,none,No,No,No,No,Lion,No,Rila Monastery
Croatia,Zagreb,4030358,56594,Europe,Balkans,No,5,Mediterranean,1831,Right,Croatian,Euro,Republic,Northern,red; white; blue,coat of arms/emblem,No,Yes,No,Zagreb,1,+385,HR,.hr,5835,0,Mediterranean,Sava,none,Dinaric Alps,none,No,No,No,No,Pine marten,No,Plitvice Lakes
Czechia,Prague,10493986,78867,Europe,Central Europe,Yes,4,none,1603,Right,Czech,Koruna,Republic,Northern,white; red; blue,none,No,Yes,No,Prague,1,+420,CZ,.cz,0,115,Continental,Elbe,none,Sudetes,none,No,No,No,No,Lion,No,Charles Bridge
Denmark,Copenhagen,5882261,43094,Europe,Nordic,No,1,Atlantic,171,Right,Danish,Krone,Constitutional monarchy,Northern,red; white,cross,No,Yes,No,Copenhagen,1,+45,DK,.dk,7314,-7,Temperate,Gudena,none,none,none,No,No,No,No,Mute swan,No,Little Mermaid
Estonia,Tallinn,1326062,45228,Europe,Nordic,No,2,Atlantic,318,Right,Estonian,Euro,Republic,Northern,blue; black; white,none,No,Yes,No,Tallinn,1,+372,EE,.ee,3794,0,Temperate,Parnu,Lake Peipus,none,none,No,No,No,No,Grey wolf,No,Tallinn Old Town
Finland,Helsinki,5540745,338424,Europe,Nordic,No,3,Atlantic,1324,Right,Finnish; Swedish,Euro,Republic,Northern,blue; white,cross,No,Yes,No,Helsinki,1,+358,FI,.fi,1250,0,Subarctic,Kemijoki,Lake Saimaa,none,none,No,No,No,No,Brown bear,No,Lakeland
France,Paris,64626628,551695,Europe,Western Europe,No,8,Atlantic; Mediterranean,4808,Right,French,Euro,Republic,Northern,blue; white; red,none,No,Yes,No,Paris,12,+33,FR,.fr,4853,0,Temperate,Loire,Lake Geneva,Alps,none,No,Yes,No,No,Gallic rooster,Yes,Eiffel Tower
Germany,Berlin,83369843,357114,Europe,Western Europe,No,9,Atlantic,2962,Right,German,Euro,Republic,Northern,black; red; yellow,none,No,Yes,No,Berlin,1,+49,DE,.de,2389,0,Temperate,Rhine,Lake Constance,Alps,none,No,No,No,No,Federal eagle,No,Brandenburg Gate
Greece,Athens,10384971,131957,Europe,Balkans,No,4,Mediterranean,2917,Right,Greek,Euro,Republic,Northern,blue; white,cross,Yes,Yes,No,Athens,1,+30,GR,.gr,13676,0,Mediterranean,Aliakmon,none,Pindus,none,No,No,No,No,Dolphin,Yes,Acropolis of Athens
Hungary,Budapest,9967308,93028,Europe,Central Europe,Yes,7,none,1014,Right,Hungarian,Forint,Republic,Northern,red; white; green,none,No,Yes,No,Budapest,1,+36,HU,.hu,0,78,Continental,Danube,Lake Balaton,none,none,No,No,No,No,Turul,No,Hungarian Parliament
Iceland,Reykjavik,372295,103000,Europe,Nordic,No,0,Atlantic,2110,Right,Icelandic,Krona,Republic,Northern,blue; white; red,cross,No,No,No,Reykjavik,1,+354,IS,.is,4970,0,Subarctic,Thjorsa,Thingvallavatn,none,none,No,No,No,No,Gyrfalcon,Yes,Gullfoss
Ireland,Dublin,5023109,70273,Europe,Western Europe,No,1,Atlantic,1038,Left,Irish; English,Euro,Republic,Northern,green; white; orange,none,No,Yes,No,Dublin,1,+353,IE,.ie,1448,0,Oceanic,Shannon,Lough Neagh,none,none,No,No,No,No,Irish hare,No,Cliffs of Moher
Italy,Rome,59037474,301340,Europe,Southern Europe,No,6,Mediterranean,4808,Right,Italian,Euro,Republic,Northern,green; white; red,none,No,Yes,No,Rome,1,+39,IT,.it,7600,0,Mediterranean,Po,Lake Garda,Alps,none,No,No,No,No,Italian wolf,Yes,Colosseum
Latvia,Riga,1850651,64589,Europe,Baltic,No,4,Atlantic,312,Right,Latvian,Euro,Republic,Northern,red; white,none,No,Yes,No,Riga,1,+371,LV,.lv,498,0,Temperate,Daugava,Lake Lubans,none,none,No,No,No,No,White wagtail,No,Riga Old Town
Liechtenstein,Vaduz,39327,160,Europe,Western Europe,Yes,2,none,2599,Right,German,Franc,Constitutional monarchy,Northern,blue; red; yellow,coat of arms/emblem,No,No,No,Schaan,1,+423,LI,.li,0,430,Highland,Rhine,none,Alps,none,No,No,No,No,none,No,Vaduz Castle
Lithuania,Vilnius,2750055,65300,Europe,Baltic,No,4,Atlantic,294,Right,Lithuanian,Euro,Republic,Northern,yellow; green; red,none,No,Yes,No,Vilnius,1,+370,LT,.lt,90,0,Temperate,Neman,Lake Druksiai,none,none,No,No,No,No,White stork,No,Hill of Crosses
Luxembourg,Luxembourg,647599,2586,Europe,Western Europe,Yes,3,none,560,Right,Luxembourgish; French; German,Euro,Constitutional monarchy,Northern,red; white; blue,none,No,Yes,No,Luxembourg,1,+352,LU,.lu,0,133,Oceanic,Moselle,none,Ardennes,none,No,No,No,No,Lion,No,Old Quarter fortifications
Malta,Valletta,533286,316,Europe,Southern Europe,No,0,Mediterranean,253,Left,Maltese; English,Euro,Republic,Northern,red; white,cross,Yes,Yes,Yes,Birkirkara,1,+356,MT,.mt,197,0,Mediterranean,none,none,none,none,No,No,No,No,Pharaoh hound,No,Megalithic Temples
Moldova,Chisinau,3272996,33846,Europe,Eastern Europe,Yes,2,none,430,Right,Romanian,Leu,Republic,Northern,blue; yellow; red,coat of arms/emblem,No,No,No,Chisinau,1,+373,MD,.md,0,2,Continental,Dniester,none,none,none,No,No,No,No,Aurochs,No,Orheiul Vechi
Monaco,Monaco,36469,2,Europe,Western Europe,No,1,Mediterranean,161,Right,French,Euro,Constitutional monarchy,Northern,red; white,none,No,No,No,Monaco,1,+377,MC,.mc,4,0,Mediterranean,none,none,Maritime Alps,none,No,No,No,No,none,No,Monte Carlo Casino
Montenegro,Podgorica,626485,13812,Europe,Balkans,No,5,Mediterranean,2523,Right,Montenegrin,Euro,Republic,Northern,red; yellow,animal; coat of arms/emblem,No,No,No,Podgorica,1,+382,ME,.me,294,0,Mediterranean,Tara,Lake Skadar,Dinaric Alps,none,No,No,No,No,Eagle,No,Bay of Kotor
Netherlands,Amsterdam,17564014,41865,Europe,Western Europe,No,2,Atlantic,887,Right,Dutch,Euro,Constitutional monarchy,Northern,red; white; blue,none,No,Yes,No,Amsterdam,1,+31,NL,.nl,451,-7,Oceanic,Rhine,IJsselmeer,none,none,No,No,No,No,Lion,No,Keukenhof Gardens
North Macedonia,Skopje,2093599,25713,Europe,Balkans,Yes,5,none,2764,Right,Macedonian,Denar,Republic,Northern,red; yellow,sun/disc,No,No,No,Skopje,1,+389,MK,.mk,0,50,Continental,Vardar,Lake Ohrid,Sar Mountains,none,No,No,No,No,Balkan lynx,No,Lake Ohrid
Norway,Oslo,5457127,385207,Europe,Nordic,No,3,Atlantic; Arctic,2469,Right,Norwegian,Krone,Constitutional monarchy,Northern,red; white; blue,cross,No,No,No,Oslo,1,+47,NO,.no,25148,0,Subarctic,Glomma,Lake Mjosa,Scandinavian Mountains,none,No,No,No,No,Moose,No,Geirangerfjord
Poland,Warsaw,39857145,312696,Europe,Central Europe,No,7,Atlantic,2499,Right,Polish,Zloty,Republic,Northern,white; red,none,No,Yes,No,Warsaw,1,+48,PL,.pl,440,-2,Continental,Vistula,Lake Sniardwy,Carpathians,none,No,No,No,No,White eagle,No,Wawel Castle
Portugal,Lisbon,10270865,92090,Europe,Western Europe,No,1,Atlantic,2351,Right,Portuguese,Euro,Republic,Northern,green; red; yellow,coat of arms/emblem; sun/disc,No,Yes,No,Lisbon,2,+351,PT,.pt,1793,0,Mediterranean,Tagus,none,Serra da Estrela,none,No,No,No,No,Rooster of Barcelos,Yes,Belem Tower
Romania,Bucharest,19659267,238398,Europe,Balkans,No,5,Mediterranean,2544,Right,Romanian,Leu,Republic,Northern,blue; yellow; red,none,No,Yes,No,Bucharest,1,+40,RO,.ro,225,0,Continental,Danube,Lake Razelm,Carpathians,none,No,No,No,No,Lynx,No,Bran Castle
Russia,Moscow,144236933,17098242,Europe,Eastern Europe,No,14,Arctic; Pacific; Atlantic,5642,Right,Russian,Ruble,Republic,Northern,white; blue; red,none,No,No,No,Moscow,11,+7,RU,.ru,37653,-28,Continental,Volga,Lake Baikal,Ural Mountains,none,No,No,No,No,Brown bear,Yes,Red Square
San Marino,San Marino,33660,61,Europe,Southern Europe,Yes,1,none,749,Right,Italian,Euro,Republic,Northern,white; blue,coat of arms/emblem,No,No,No,San Marino,1,+378,SM,.sm,0,55,Mediterranean,Marano,none,Apennines,none,No,No,No,No,none,No,Three Towers of San Marino
Serbia,Belgrade,7221365,88361,Europe,Balkans,Yes,8,none,2656,Right,Serbian,Dinar,Republic,Northern,red; blue; white,animal; cross; coat of arms/emblem,No,No,No,Belgrade,1,+381,RS,.rs,0,35,Continental,Danube,none,Dinaric Alps,none,No,No,No,No,Wolf,No,Belgrade Fortress
Slovakia,Bratislava,5643453,49035,Europe,Central Europe,Yes,5,none,2655,Right,Slovak,Euro,Republic,Northern,white; blue; red,cross; coat of arms/emblem,No,Yes,No,Bratislava,1,+421,SK,.sk,0,94,Continental,Danube,none,Carpathians,none,No,No,No,No,Brown bear,No,Spis Castle
Slovenia,Ljubljana,2119675,20273,Europe,Central Europe,No,4,Mediterranean,2864,Right,Slovene,Euro,Republic,Northern,white; blue; red,coat of arms/emblem; star,No,Yes,No,Ljubljana,1,+386,SI,.si,47,0,Continental,Sava,Lake Bohinj,Julian Alps,none,No,No,No,No,Chamois,No,Lake Bled
Spain,Madrid,47558630,505992,Europe,Western Europe,No,5,Atlantic; Mediterranean,3718,Right,Spanish,Euro,Constitutional monarchy,Northern,red; yellow,coat of arms/emblem,No,Yes,No,Madrid,2,+34,ES,.es,4964,0,Mediterranean,Tagus,none,Pyrenees,none,No,Yes,No,No,Bull,Yes,Sagrada Familia
Sweden,Stockholm,10549347,450295,Europe,Nordic,No,2,Atlantic,2096,Right,Swedish,Krona,Constitutional monarchy,Northern,blue; yellow,cross,No,Yes,No,Stockholm,1,+46,SE,.se,3218,0,Subarctic,Klaralven,Lake Vanern,Scandinavian Mountains,none,No,No,No,No,Moose,No,Vasa Museum
Switzerland,Bern,8740472,41284,Europe,Central Europe,Yes,5,none,4634,Right,German; French; Italian; Romansh,Franc,Republic,Northern,red; white,cross,No,No,No,Zurich,1,+41,CH,.ch,0,195,Highland,Rhine,Lake Geneva,Alps,none,No,No,No,No,none,No,Matterhorn
Ukraine,Kyiv,39701739,603500,Europe,Eastern Europe,No,7,Mediterranean,2061,Right,Ukrainian,Hryvnia,Republic,Northern,blue; yellow,none,No,No,No,Kyiv,1,+380,UA,.ua,2782,0,Continental,Dnieper,none,Carpathians,none,No,No,No,No,Nightingale,No,Kyiv Pechersk Lavra
United Kingdom,London,67508936,242495,Europe,Western Europe,No,1,Atlantic,1345,Left,English,Pound,Constitutional monarchy,Northern,red; white; blue,cross,Yes,No,Yes,London,1,+44,GB,.uk,12429,0,Oceanic,Severn,Loch Ness,Scottish Highlands,none,No,Yes,No,No,Lion,No,Stonehenge
Antigua and Barbuda,Saint John's,93763,442,North America,Caribbean,No,0,Atlantic,402,Left,English,Dollar,Constitutional monarchy,Northern,red; white; blue; black; yellow,sun/disc,Yes,No,Yes,Saint Johns,1,+1,AG,.ag,153,0,Tropical,none,none,none,none,No,No,No,No,Fallow deer,No,Nelsons Dockyard
Argentina,Buenos Aires,46044703,2780400,South America,Southern Cone,No,5,Atlantic,6961,Right,Spanish,Peso,Republic,Southern,blue; white; yellow,sun/disc,No,No,No,Buenos Aires,1,+54,AR,.ar,4989,-105,Temperate,Parana,Lake Argentino,Andes,Patagonian Desert,No,No,No,Yes,Rufous hornero,Yes,Iguazu Falls
Bahamas,Nassau,409984,13943,North America,Caribbean,No,0,Atlantic,63,Left,English,Dollar,Constitutional monarchy,Northern,blue; yellow; black,none,Yes,No,Yes,Nassau,1,+1,BS,.bs,3542,0,Tropical,none,none,none,none,No,No,Yes,No,Flamingo,No,Andros blue holes
Barbados,Bridgetown,281200,430,North America,Caribbean,No,0,Atlantic,336,Left,English,Dollar,Republic,Northern,blue; yellow; black,none,No,No,Yes,Bridgetown,1,+1,BB,.bb,97,0,Tropical,none,none,none,none,No,No,No,No,Pelican,No,Harrisons Cave
Belize,Belmopan,405272,22966,North America,Central America,No,2,Atlantic,1124,Right,English,Dollar,Constitutional monarchy,Northern,blue; red; white,coat of arms/emblem; plant,No,No,Yes,Belize City,1,+501,BZ,.bz,386,0,Tropical,Belize River,none,Maya Mountains,none,No,No,No,No,Tapir,No,Great Blue Hole
Bolivia,Sucre,12224110,1098581,South America,Andes,Yes,5,none,6542,Right,Spanish; Quechua; Aymara,Boliviano,Republic,Southern,red; yellow; green,coat of arms/emblem,No,No,No,Santa Cruz de la Sierra,1,+591,BO,.bo,0,90,Highland,Mamore,Lake Titicaca,Andes,none,No,No,No,No,Llama,No,Salar de Uyuni
Brazil,Brasilia,215313498,8515767,South America,South America,No,10,Atlantic,2995,Right,Portuguese,Real,Republic,Both,green; yellow; blue; white,star; sun/disc,No,No,No,Sao Paulo,4,+55,BR,.br,7491,0,Tropical,Amazon,Lagoa dos Patos,Serra do Mar,none,Yes,No,No,Yes,Jaguar,No,Christ the Redeemer
Canada,Ottawa,38929902,9984670,North America,Northern America,No,1,Atlantic; Pacific; Arctic,5959,Right,English; French,Dollar,Constitutional monarchy,Northern,red; white,plant,No,No,Yes,Toronto,6,+1,CA,.ca,202080,0,Continental,Mackenzie,Great Bear Lake,Rocky Mountains,none,No,No,No,No,Beaver,No,Niagara Falls
Chile,Santiago,19603733,756102,South America,Southern Cone,No,3,Pacific,6893,Right,Spanish,Peso,Republic,Southern,blue; white; red,star,No,No,No,Santiago,2,+56,CL,.cl,6435,0,Temperate,Loa,Lake Llanquihue,Andes,Atacama,No,No,No,Yes,Huemul,Yes,Easter Island Moai
Colombia,Bogota,51874024,1141748,South America,South America,No,5,Atlantic; Pacific,5775,Right,Spanish,Peso,Republic,Both,yellow; blue; red,none,No,No,No,Bogota,1,+57,CO,.co,3208,0,Tropical,Magdalena,none,Andes,none,Yes,No,No,No,Andean condor,Yes,Cartagena Old Town
Costa Rica,San Jose,5180829,51100,North America,Central America,No,2,Atlantic; Pacific,3820,Right,Spanish,Colon,Republic,Northern,blue; white; red,coat of arms/emblem,No,No,No,San Jose,1,+506,CR,.cr,1290,0,Tropical,Tempisque,Lake Arenal,Cordillera Central,none,No,No,No,No,White-tailed deer,Yes,Arenal Volcano
Cuba,Havana,11212191,109884,North America,Caribbean,No,0,Atlantic,1974,Right,Spanish,Peso,One-party state,Northern,blue; white; red,star,Yes,No,No,Havana,1,+53,CU,.cu,3735,0,Tropical,Cauto,none,Sierra Maestra,none,No,No,Yes,No,Cuban trogon,No,Old Havana
Dominica,Roseau,72737,751,North America,Caribbean,No,0,Atlantic,1447,Left,English,Dollar,Republic,Northern,green; yellow; black; white; red,star; animal,Yes,No,Yes,Roseau,1,+1,DM,.dm,148,0,Tropical,none,Boeri Lake,none,none,No,No,No,No,Sisserou parrot,Yes,Boiling Lake
Dominican Republic,Santo Domingo,11228821,48671,North America,Caribbean,No,1,Atlantic,3098,Right,Spanish,Peso,Republic,Northern,blue; red; white,cross; coat of arms/emblem,No,No,No,Santo Domingo,1,+1,DO,.do,1288,-46,Tropical,Yaque del Norte,Lake Enriquillo,Cordillera Central,none,No,No,No,No,Palmchat,No,Punta Cana
Ecuador,Quito,18001000,256369,South America,Andes,No,2,Pacific,6263,Right,Spanish,Dollar,Republic,Both,yellow; blue; red,coat of arms/emblem; animal,No,No,No,Guayaquil,2,+593,EC,.ec,2237,0,Tropical,Napo,none,Andes,none,Yes,No,No,No,Andean condor,Yes,Galapagos Islands
El Salvador,San Salvador,6336392,21041,North America,Central America,No,2,Pacific,2730,Right,Spanish,Dollar,Republic,Northern,blue; white,coat of arms/emblem,No,No,No,San Salvador,1,+503,SV,.sv,307,0,Tropical,Lempa,Lake Ilopango,Sierra Madre,none,No,No,No,No,Turquoise-browed motmot,Yes,Santa Ana Volcano
Grenada,Saint George's,124610,344,North America,Caribbean,No,0,Atlantic,840,Left,English,Dollar,Constitutional monarchy,Northern,red; yellow; green,star; plant,Yes,No,Yes,Saint Georges,1,+1,GD,.gd,121,0,Tropical,none,Grand Etang,none,none,No,No,No,No,Grenada dove,No,Grand Anse Beach
Guatemala,Guatemala City,17357886,108889,North America,Central America,No,4,Atlantic; Pacific,4220,Right,Spanish,Quetzal,Republic,Northern,blue; white,animal; coat of arms/emblem; plant,No,No,No,Guatemala City,1,+502,GT,.gt,400,0,Tropical,Motagua,Lake Atitlan,Sierra Madre,none,No,No,No,No,Resplendent quetzal,Yes,Tikal
Guyana,Georgetown,808726,214969,South America,Guianas,No,3,Atlantic,2772,Left,English,Dollar,Republic,Northern,red; yellow; green; black; white,none,No,No,Yes,Georgetown,1,+592,GY,.gy,459,0,Tropical,Essequibo,none,Pakaraima,none,No,No,No,No,Jaguar,No,Kaieteur Falls
Haiti,Port-au-Prince,11584996,27750,North America,Caribbean,No,1,Atlantic,2680,Right,French; Haitian Creole,Gourde,Republic,Northern,blue; red,coat of arms/emblem; plant,No,No,No,Port-au-Prince,1,+509,HT,.ht,1771,0,Tropical,Artibonite,Lake Azuei,Massif de la Selle,none,No,No,No,No,Hispaniolan trogon,No,Citadelle Laferriere
Honduras,Tegucigalpa,10432860,112492,North America,Central America,No,3,Atlantic; Pacific,2870,Right,Spanish,Lempira,Republic,Northern,blue; white,star,No,No,No,Tegucigalpa,1,+504,HN,.hn,823,0,Tropical,Ulua,Lake Yojoa,Sierra Madre,none,No,No,No,No,Scarlet macaw,No,Copan Ruins
Jamaica,Kingston,2827377,10991,North America,Caribbean,No,0,Atlantic,2256,Left,English,Dollar,Constitutional monarchy,Northern,green; yellow; black,none,No,No,Yes,Kingston,1,+1,JM,.jm,1022,0,Tropical,Black River,none,Blue Mountains,none,No,No,No,No,Doctor bird,No,Dunns River Falls
Mexico,Mexico City,127504125,1964375,North America,North America,No,3,Atlantic; Pacific,5636,Right,Spanish,Peso,Republic,Northern,green; white; red,animal; plant; coat of arms/emblem,No,No,No,Mexico City,4,+52,MX,.mx,9330,-10,Arid,Rio Grande,Lake Chapala,Sierra Madre,Chihuahuan Desert,No,No,Yes,No,Golden eagle,Yes,Chichen Itza
Nicaragua,Managua,6948392,130373,North America,Central America,No,2,Atlantic; Pacific,2107,Right,Spanish,Cordoba,Republic,Northern,blue; white,coat of arms/emblem; sun/disc,No,No,No,Managua,1,+505,NI,.ni,910,0,Tropical,Coco,Lake Nicaragua,Cordillera Isabelia,none,No,No,No,No,Turquoise-browed motmot,Yes,Lake Nicaragua
Panama,Panama City,4408581,75417,North America,Central America,No,2,Atlantic; Pacific,3475,Right,Spanish,Balboa,Republic,Northern,red; white; blue,star,No,No,No,Panama City,1,+507,PA,.pa,2490,0,Tropical,Chagres,Gatun Lake,Cordillera Central,none,No,No,No,No,Harpy eagle,No,Panama Canal
Paraguay,Asuncion,6780744,406752,South America,South America,Yes,3,none,842,Right,Spanish; Guarani,Guarani,Republic,Southern,red; white; blue,coat of arms/emblem; star,No,No,No,Asuncion,1,+595,PY,.py,0,46,Subtropical,Paraguay,Lake Ypacarai,none,none,No,No,No,Yes,Jaguar,No,Itaipu Dam
Peru,Lima,34049588,1285216,South America,Andes,No,5,Pacific,6768,Right,Spanish; Quechua; Aymara,Sol,Republic,Southern,red; white,coat of arms/emblem,No,No,No,Lima,1,+51,PE,.pe,2414,0,Highland,Amazon,Lake Titicaca,Andes,Sechura Desert,No,No,No,No,Vicuna,Yes,Machu Picchu
Saint Kitts and Nevis,Basseterre,47657,261,North America,Caribbean,No,0,Atlantic,1156,Left,English,Dollar,Constitutional monarchy,Northern,green; yellow; red; black; white,star,Yes,No,Yes,Basseterre,1,+1,KN,.kn,135,0,Tropical,none,none,none,none,No,No,No,No,none,No,Brimstone Hill Fortress
Saint Lucia,Castries,179857,616,North America,Caribbean,No,0,Atlantic,950,Left,English,Dollar,Constitutional monarchy,Northern,blue; yellow; white; black,none,No,No,Yes,Castries,1,+1,LC,.lc,158,0,Tropical,none,none,none,none,No,No,No,No,Saint Lucia parrot,No,The Pitons
Saint Vincent and the Grenadines,Kingstown,103948,389,North America,Caribbean,No,0,Atlantic,1234,Left,English,Dollar,Constitutional monarchy,Northern,blue; yellow; green,none,Yes,No,Yes,Kingstown,1,+1,VC,.vc,84,0,Tropical,none,none,none,none,No,No,No,No,Saint Vincent parrot,Yes,La Soufriere
Suriname,Paramaribo,618040,163820,South America,Guianas,No,3,Atlantic,1230,Left,Dutch,Dollar,Republic,Northern,green; white; red; yellow,star,No,No,No,Paramaribo,1,+597,SR,.sr,386,0,Tropical,Suriname,Brokopondo Reservoir,none,none,No,No,No,No,none,No,Central Suriname Reserve
Trinidad and Tobago,Port of Spain,1531044,5130,North America,Caribbean,No,0,Atlantic,940,Left,English,Dollar,Republic,Northern,red; white; black,none,Yes,No,Yes,Port of Spain,1,+1,TT,.tt,362,0,Tropical,Ortoire,none,Northern Range,none,No,No,No,No,Scarlet ibis,No,Pitch Lake
United States,"Washington, D.C.",333287557,9833517,North America,Northern America,No,2,Atlantic; Pacific; Arctic,6190,Right,English,Dollar,Republic,Northern,red; white; blue,star,No,No,No,New York City,6,+1,US,.us,19924,-86,Temperate,Mississippi,Lake Superior,Rocky Mountains,Mojave,No,No,No,No,Bald eagle,Yes,Grand Canyon
Uruguay,Montevideo,3422794,176215,South America,Southern Cone,No,2,Atlantic,514,Right,Spanish,Peso,Republic,Southern,blue; white; yellow,sun/disc,No,No,No,Montevideo,1,+598,UY,.uy,660,0,Temperate,Uruguay,Laguna Merin,Cuchilla Grande,none,No,No,No,No,Southern lapwing,No,Punta del Este
Venezuela,Caracas,28301696,916445,South America,South America,No,3,Atlantic,4978,Right,Spanish,Bolivar,Republic,Northern,yellow; blue; red,star; animal,No,No,No,Caracas,1,+58,VE,.ve,2800,0,Tropical,Orinoco,Lake Maracaibo,Andes,none,No,No,No,No,Troupial,No,Angel Falls
Australia,Canberra,26177413,7692024,Oceania,Australasia,No,0,Indian; Pacific,2228,Left,English,Dollar,Constitutional monarchy,Southern,blue; red; white,star; coat of arms/emblem,No,No,Yes,Sydney,3,+61,AU,.au,25760,-15,Arid,Murray,Lake Eyre,Great Dividing Range,Great Victoria Desert,No,No,No,Yes,Kangaroo,No,Uluru
Fiji,Suva,929766,18272,Oceania,Melanesia,No,0,Pacific,1324,Left,English; Fijian; Hindi,Dollar,Republic,Southern,blue; white; red,coat of arms/emblem,Yes,No,Yes,Suva,1,+679,FJ,.fj,1129,0,Tropical,Rewa,none,none,none,No,No,No,No,none,No,Coral Coast
Kiribati,Tarawa,131232,811,Oceania,Micronesia,No,0,Pacific,81,Left,English; Gilbertese,Dollar,Republic,Both,red; white; blue; yellow,animal; sun/disc,Yes,No,Yes,South Tarawa,3,+686,KI,.ki,1143,0,Tropical,none,none,none,none,Yes,No,No,No,Frigatebird,No,Phoenix Islands
Marshall Islands,Majuro,41569,181,Oceania,Micronesia,No,0,Pacific,14,Right,Marshallese; English,Dollar,Republic,Northern,blue; white; orange,star,Yes,No,No,Majuro,1,+692,MH,.mh,370,0,Tropical,none,none,none,none,No,No,No,No,none,No,Bikini Atoll
Micronesia,Palikir,113131,702,Oceania,Micronesia,No,0,Pacific,791,Right,English,Dollar,Republic,Northern,blue; white,star,Yes,No,No,Weno,2,+691,FM,.fm,6112,0,Tropical,none,none,none,none,No,No,No,No,none,No,Nan Madol
Nauru,Yaren,12668,21,Oceania,Micronesia,No,0,Pacific,65,Left,Nauruan; English,Dollar,Republic,Southern,blue; yellow; white,star,No,No,Yes,Yaren,1,+674,NR,.nr,30,0,Tropical,none,Buada Lagoon,none,none,No,No,No,No,Frigatebird,No,Buada Lagoon
New Zealand,Wellington,5228100,268838,Oceania,Australasia,No,0,Pacific,3724,Left,English; Maori,Dollar,Constitutional monarchy,Southern,blue; red; white,star,Yes,No,Yes,Auckland,2,+64,NZ,.nz,15134,0,Temperate,Waikato,Lake Taupo,Southern Alps,none,No,No,No,No,Kiwi,Yes,Milford Sound
Palau,Ngerulmud,18055,459,Oceania,Micronesia,No,0,Pacific,242,Right,Palauan; English,Dollar,Republic,Northern,blue; yellow,sun/disc,Yes,No,No,Ngerulmud,1,+680,PW,.pw,1519,0,Tropical,none,Jellyfish Lake,none,none,No,No,No,No,Dugong,No,Rock Islands
Papua New Guinea,Port Moresby,10142619,462840,Oceania,Melanesia,No,1,Pacific,4509,Left,English; Tok Pisin; Hiri Motu,Kina,Constitutional monarchy,Southern,red; black; yellow,animal; star,Yes,No,Yes,Port Moresby,2,+675,PG,.pg,5152,0,Tropical,Sepik,none,Owen Stanley Range,none,No,No,No,No,Bird of paradise,Yes,Kokoda Track
Samoa,Apia,222382,2842,Oceania,Polynesia,No,0,Pacific,1858,Left,Samoan; English,Tala,Republic,Southern,red; blue; white,star,Yes,No,Yes,Apia,1,+685,WS,.ws,403,0,Tropical,none,Lake Lanotoo,none,none,No,No,No,No,none,No,To Sua Ocean Trench
Solomon Islands,Honiara,724273,28896,Oceania,Melanesia,No,0,Pacific,2335,Left,English,Dollar,Constitutional monarchy,Southern,blue; yellow; green; white,star,Yes,No,Yes,Honiara,1,+677,SB,.sb,5313,0,Tropical,none,Lake TeNggano,none,none,No,No,No,No,none,Yes,Marovo Lagoon
Tonga,Nuku'alofa,106858,747,Oceania,Polynesia,No,0,Pacific,1033,Left,Tongan; English,Pa'anga,Constitutional monarchy,Southern,red; white,cross,Yes,No,Yes,Nukualofa,1,+676,TO,.to,419,0,Tropical,none,none,none,none,No,No,No,No,none,Yes,Haamonga a Maui
Tuvalu,Funafuti,11312,26,Oceania,Polynesia,No,0,Pacific,5,Left,Tuvaluan; English,Dollar,Constitutional monarchy,Southern,blue; yellow; white; red,star,Yes,No,Yes,Funafuti,1,+688,TV,.tv,24,0,Tropical,none,none,none,none,No,No,No,No,none,No,Funafuti Lagoon
Vanuatu,Port Vila,326740,12189,Oceania,Melanesia,No,0,Pacific,1879,Right,Bislama; English; French,Vatu,Republic,Southern,red; green; black; yellow,animal; plant,Yes,No,Yes,Port Vila,1,+678,VU,.vu,2528,0,Tropical,none,Lake Letas,none,none,No,No,No,No,none,Yes,Mount Yasur
