Country,Continent,Subregion,Population,Area_km2,Landlocked,Neighbours,Peak_m,[name-letters] Name starts with a vowel,[name-letters] Name ends in a vowel,[name-letters] Name ends in a consonant,[name-letters] Name ends in A,[name-letters] Name ends in N,[name-letters] Name ends in -IA,[name-letters] Name ends in -LAND,[name-letters] Name ends in -STAN,[name-letters] Name has a double letter,[name-letters] Name contains no A,[name-letters] Name contains no E,[name-letters] Name contains an O,[name-letters] Name contains an R,[name-letters] Name contains a K,"[name-letters] Name contains J, Q, X or Z",[name-letters] First and last letter the same,[name-letters] Name starts with A-G,[name-letters] Name starts with H-M,[name-letters] Name starts with N-Z,[name-letters] Name is more than one word,[name-length] Name: 5 letters or fewer,[name-length] Name: 6 letters or fewer,[name-length] Name: 7 letters or fewer,[name-length] Name: 6 or 7 letters,[name-length] Name: 7 or 8 letters,[name-length] Name: 8 or 9 letters,[name-length] Name: 8 letters or more,[name-length] Name: 9 letters or more,[name-length] Name: 10 letters or more,[name-length] Name: 11 letters or more,[location] In Africa,[location] In Asia,[location] In Europe,[location] In North America,[location] In South America,[location] In the Americas,[location] In Oceania,[location] Northern hemisphere,[location] Southern hemisphere,[location] Equator passes through it,[location] In the Caribbean,[location] In Central America,[location] In the Middle East,[location] In West Africa,[location] In East Africa,[location] In Southern Africa,[location] In Southeast Asia,[location] In South Asia,[location] In Central Asia,[location] In the Balkans,[location] Nordic country,[location] In Western Europe,[location] In Central Europe,[borders] Landlocked,[borders] Has a sea coastline,[borders] Island (no land borders),[borders] Archipelago (many islands),[borders] Borders exactly one country,[borders] Borders 1 or 2 countries,[borders] Borders 2 to 4 countries,[borders] Borders 3 or more countries,[borders] Borders 4 or more countries,[borders] Borders 5 or more countries,[coasts] Has an Atlantic coast,[coasts] Has a Pacific coast,[coasts] Has an Indian Ocean coast,[coasts] Has a Mediterranean coast,[coasts] Has an Arctic coast,[coasts] Touches two or more seas,"[physical] Has a peak above 2,000 m","[physical] Has a peak above 3,000 m","[physical] Has a peak above 4,000 m","[physical] Has a peak above 5,000 m","[physical] Highest point under 1,000 m",[area] Area over 1 million km2,"[area] Area under 50,000 km2","[area] Area under 20,000 km2",[population] Population over 100 million,[population] Population over 50 million,[population] Population over 20 million,[population] Population under 5 million,[population] Population under 1 million,[flag-colors] Flag has red,[flag-colors] Flag has blue,[flag-colors] Flag has green,[flag-colors] Flag has yellow,[flag-colors] Flag has white,[flag-colors] Flag has black,[flag-colors] Flag has orange,[flag-colors] Flag has 3+ colours,[flag-colors] Flag has 4+ colours,[flag-symbols] Flag has a star,[flag-symbols] Flag has a crescent,[flag-symbols] Flag has a cross,[flag-symbols] Flag has a sun or disc,[flag-symbols] Flag has a coat of arms/emblem,[flag-symbols] Flag has an animal,[flag-symbols] Flag has a plant,[flag-symbols] Flag has any symbol,[flag-symbols] Flag is colours only (no symbol),[politics] Is a monarchy,[politics] Is a republic,[politics] Drives on the left,[politics] EU member,[politics] Commonwealth member,[language] English is official,[language] French is official,[language] Spanish is official,[language] Arabic is official,[language] Portuguese is official,[language] Two or more official languages,[currency] Currency is a dollar,[currency] Uses the euro,[currency] Currency is a franc,[currency] Currency is a pound,[currency] Currency is a peso,[currency] Currency is a dinar,[capital] Capital starts with a vowel,[capital] Capital: 5 letters or fewer,[capital] Capital: 9 letters or more,[capital] Capital is more than one word,[capital] Capital shares the country's name,[capital] Capital shares country's first letter,[climate] Mainly tropical climate,[climate] Mainly arid climate,[climate] Mainly temperate climate,[climate] Mainly continental climate,[climate] Mainly Mediterranean climate,[climate] Mainly highland climate,[climate] Cold climate (subarctic/oceanic),[geo-lines] Equator passes through it,[geo-lines] Prime meridian passes through it,[geo-lines] Tropic of Cancer passes through it,[geo-lines] Tropic of Capricorn passes through it,[geo-lines] A tropic line passes through it,[physical2] Has active volcanoes,[physical2] Has land below sea level,[physical2] Lowest point is above 200 m,"[physical2] Coastline over 5,000 km",[physical2] Has a major desert,[physical2] Touches the Sahara,[physical2] Has a major river,[physical2] Has a major lake,[physical2] Has a named mountain range,[misc] Spans two or more time zones,[misc] Capital is not the largest city,[misc] Calling code is +1,[misc] National animal is a big cat,[misc] National animal is an eagle
Algeria,Africa,North Africa,44903225,2381741,False,7,2908,Y,Y,,Y,,Y,,,,,,,Y,,,Y,Y,,,,,,Y,Y,Y,,,,,,Y,,,,,,,Y,,,,,,,,,,,,,,,,,Y,,,,,,Y,Y,Y,,,,Y,,,Y,,,,,Y,,,,,Y,,,Y,,Y,,Y,,,Y,,Y,Y,,,,,,Y,,,Y,,,,,,,Y,,Y,,,,,,Y,Y,,,,,Y,,Y,,,,,,,Y,Y,,Y,,Y,,,Y,Y,Y,Y,Y,,,,,
Angola,Africa,Central Africa,35588987,1246700,False,4,2620,Y,Y,,Y,,,,,,,Y,Y,,,,Y,Y,,,,,Y,Y,Y,,,,,,,Y,,,,,,,,Y,,,,,,,,,,,,,,,,Y,,,,,Y,Y,Y,,Y,,,,,,Y,,,,,Y,,,,,Y,,,Y,,,Y,,Y,,Y,,Y,,,,,,,Y,,,Y,,,,,,,,Y,,,,,,,,,,,,,,Y,,,,,,,,,,,,,,,,Y,,Y,,Y,,,,,
Benin,Africa,West Africa,13352864,112622,False,4,658,,,Y,,Y,,,,,Y,,,,,,,Y,,,,Y,Y,Y,,,,,,,,Y,,,,,,,Y,,,,,,Y,,,,,,,,,,,Y,,,,,Y,Y,Y,,Y,,,,,,,,,,Y,,,,,,,,,Y,,Y,Y,,,,Y,,,,,,,,,,Y,,Y,,,,,Y,,,,,,,Y,,,,,,Y,,,,Y,,,,,,,,,,,,,,,,,,Y,Y,Y,,Y,,Y,
Botswana,Africa,Southern Africa,2630296,581730,True,4,1489,,Y,,Y,,,,,,,Y,Y,,,,,Y,,,,,,,,Y,Y,Y,,,,Y,,,,,,,,Y,,,,,,,Y,,,,,,,,Y,,,,,,Y,Y,Y,,,,,,,,,,,,,,,,,,,Y,,,Y,,,Y,Y,,Y,,,,,,,,,,Y,,Y,Y,,Y,Y,,,,,Y,,,,,,,,,,,,,,Y,,,,,,,,,Y,Y,,,Y,,Y,,Y,Y,,,,,,
Burkina Faso,Africa,Sahel,22673762,274200,True,6,749,,Y,,,,,,,,,Y,Y,Y,Y,,,Y,,,Y,,,,,,,Y,Y,Y,Y,Y,,,,,,,Y,,,,,,,,,,,,,,,,Y,,,,,,,Y,Y,Y,,,,,,,,,,,Y,,,,,,Y,,,Y,,Y,Y,,,,Y,,Y,,,,,,,Y,,,,,,,,Y,,,,,,,Y,,,,Y,,Y,,,,,Y,,,,,,,Y,,,,,,Y,,Y,,Y,,,,,,Y,
Burundi,Africa,East Africa,12889576,27834,True,3,2685,,Y,,,,,,,,Y,Y,,Y,,,,Y,,,,,,Y,Y,Y,,,,,,Y,,,,,,,,Y,,,,,,Y,,,,,,,,,Y,,,,,,Y,Y,,,,,,,,,Y,,,,,,Y,,,,,,,Y,,Y,,Y,,,Y,,Y,,,,,,,Y,,,Y,,,,Y,Y,,,,Y,,,Y,,,,,,,,,,Y,,,,,,,,,,,,,,Y,,,,Y,Y,,,Y,,Y,
Cabo Verde,Africa,West Africa,593149,4033,False,0,2829,,Y,,,,,,,,,,Y,Y,,,,Y,,,Y,,,,,,Y,Y,Y,,,Y,,,,,,,Y,,,,,,Y,,,,,,,,,,,Y,Y,Y,,,,,,,Y,,,,,,Y,,,,,,Y,Y,,,,Y,Y,Y,Y,,Y,Y,,,Y,Y,Y,,,,,,,Y,,,Y,,,,,,,,Y,,,,,,,,,Y,,,,,,Y,,,,,,,,,,,Y,,,,,,,,,,,,,
Cameroon,Africa,Central Africa,27914536,475442,False,6,4040,,,Y,,Y,,,,Y,,,Y,Y,,,,Y,,,,,,,,Y,Y,Y,,,,Y,,,,,,,Y,,,,,,,,,,,,,,,,,Y,,,,,,Y,Y,Y,Y,,,,,,Y,Y,Y,,,,,,,,Y,,,Y,,Y,Y,,,,Y,,Y,,,,,,,Y,,,Y,,,Y,Y,Y,,,,Y,,,Y,,,,,,,,,,Y,,,,,,,,,,,,Y,,,,,,Y,Y,Y,,Y,,Y,
Central African Republic,Africa,Central Africa,5579144,622984,True,6,1410,,,Y,,,,,,,,,,Y,,,Y,Y,,,Y,,,,,,,Y,Y,Y,Y,Y,,,,,,,Y,,,,,,,,,,,,,,,,Y,,,,,,,Y,Y,Y,,,,,,,,,,,,,,,,,,,,Y,Y,Y,Y,Y,,,Y,Y,Y,,,,,,,Y,,,Y,,,,,Y,,,,Y,,,Y,,,,,,,,,,Y,,,,,,,,,,,,,,Y,,,,Y,,,,,,,
Chad,Africa,Sahel,17723315,1284000,True,6,3445,,,Y,,,,,,,,Y,,,,,,Y,,,,Y,Y,Y,,,,,,,,Y,,,,,,,Y,,,,,,,,,,,,,,,,Y,,,,,,,Y,Y,Y,,,,,,,Y,Y,,,,Y,,,,,,,,Y,Y,,Y,,,,Y,,,,,,,,,,Y,,Y,,,,,Y,,Y,,Y,,,Y,,,,,,,,,,,Y,,,,,,,,Y,,Y,,,,,Y,Y,Y,Y,Y,,Y,,,
Comoros,Africa,East Africa,836774,1862,False,0,2361,,,Y,,,,,,,Y,Y,Y,Y,,,,Y,,,,,,Y,Y,Y,,,,,,Y,,,,,,,,Y,,,,,,Y,,,,,,,,,,Y,Y,Y,,,,,,,,,Y,,,,Y,,,,,,Y,Y,,,,Y,Y,Y,Y,Y,Y,Y,,,Y,Y,Y,Y,,,,,,Y,,,Y,,,,,Y,,Y,,Y,,,Y,,,,,,,,,,Y,,,,,,,,,,,,Y,,,,,,,,,,,,,
Congo,Africa,Central Africa,5970424,342000,False,5,1020,,Y,,,,,,,,Y,Y,Y,,,,,Y,,,,Y,Y,Y,,,,,,,,Y,,,,,,,,,Y,,,,,,,,,,,,,,,Y,,,,,,Y,Y,Y,Y,,,,,,,,,,,,,,,,,,,Y,,Y,Y,,,,Y,,,,,,,,,,Y,,Y,,,,,Y,,,,,,,Y,,,,,,Y,,,,Y,,,,,,,Y,,,,,,,,,,,Y,,Y,,,,,
Cote d'Ivoire,Africa,West Africa,28160542,322463,False,5,1752,,Y,,,,,,,,Y,,Y,Y,,,,Y,,,Y,,,,,,,Y,Y,Y,Y,Y,,,,,,,Y,,,,,,Y,,,,,,,,,,,Y,,,,,,Y,Y,Y,Y,,,,,,,,,,,,,,,,Y,,,,,Y,,Y,,Y,Y,,,,,,,,,,Y,,Y,,,,,Y,,,,,,,Y,,,,,,Y,,,,Y,,,,,,,,,,,,,,,,,,Y,Y,,,Y,,,
Democratic Republic of the Congo,Africa,Central Africa,99010212,2344858,False,9,5109,,Y,,,,,,,,,,Y,Y,,,,Y,,,Y,,,,,,,Y,Y,Y,Y,Y,,,,,,,,,Y,,,,,,,,,,,,,,,Y,,,,,,Y,Y,Y,Y,,,,,,Y,Y,Y,Y,,Y,,,,Y,Y,,,Y,Y,,Y,,,,Y,,Y,,,,,,,Y,,,Y,,,,,Y,,,,,,,Y,,,,,,,,,,Y,,,,,,,Y,,,,,Y,,,,,,Y,Y,Y,Y,,,,
Djibouti,Africa,Horn of Africa,1120849,23200,False,3,2028,,Y,,,,,,,,Y,Y,Y,,,Y,,Y,,,,,,,,Y,Y,Y,,,,Y,,,,,,,Y,,,,,,,,,,,,,,,,,Y,,,,,Y,Y,,,,,Y,,,,Y,,,,,,Y,,,,,Y,,Y,Y,Y,,Y,,,Y,Y,Y,,,,,,,Y,,,Y,,,,,Y,,Y,,Y,,,Y,,,,,,,,Y,Y,,Y,,,,,,,,,,,Y,Y,,,Y,,,Y,,,,,,
Egypt,Africa,North Africa,110990103,1001450,False,3,2629,Y,,Y,,,,,,,Y,,,,,,,Y,,,,Y,Y,Y,,,,,,,,Y,,,,,,,Y,,,,,,,,,,,,,,,,,Y,,,,,Y,Y,,,,,Y,Y,,Y,Y,,,,,Y,,,Y,Y,Y,,,Y,,,,Y,Y,,Y,,,,,,,Y,,Y,,,Y,,,,,,,Y,,,,,,Y,,,,Y,,,,,,Y,,,,,,,,Y,,Y,,Y,,,Y,Y,Y,Y,Y,,,,,Y
Equatorial Guinea,Africa,Central Africa,1674908,28051,False,2,3008,Y,Y,,Y,,,,,,,,Y,Y,,Y,,Y,,,Y,,,,,,,Y,Y,Y,Y,Y,,,,,,,,,Y,,,,,,,,,,,,,,,Y,,,,Y,Y,,,,Y,,,,,,Y,Y,,,,,Y,,,,,Y,,Y,Y,Y,,Y,,,Y,Y,,,,,Y,,Y,Y,,,Y,,,,,Y,Y,,Y,Y,,,Y,,,,,,,,,,Y,,,,,,,Y,,,,,Y,,,,,,Y,,,,Y,,,
Eritrea,Africa,Horn of Africa,3684032,117600,False,3,3018,Y,Y,,Y,,,,,,,,,Y,,,,Y,,,,,,Y,Y,Y,,,,,,Y,,,,,,,Y,,,,,,,,,,,,,,,,,Y,,,,,Y,Y,,,,,Y,,,,Y,Y,,,,,,,,,,Y,,Y,Y,Y,Y,,,,Y,Y,,,,,,,Y,Y,,,,,,,Y,,,Y,,Y,,,,,,,Y,,,,,,,Y,,,,,,,,,,,Y,Y,,,Y,,Y,,Y,,,,,
Eswatini,Africa,Southern Africa,1201670,17364,True,2,1862,Y,Y,,,,,,,,,,,,,,,Y,,,,,,,,Y,Y,Y,,,,Y,,,,,,,,Y,,,,,,,Y,,,,,,,,Y,,,,,Y,Y,,,,,,,,,,,,,,,,Y,Y,,,,Y,,Y,Y,,Y,Y,Y,,Y,Y,,,,,Y,Y,,Y,,Y,,Y,,Y,Y,,,,,Y,,,,,,,,,,,,,,,,,,,,,,,,,,,,,,,Y,,Y,,Y,,Y,
Ethiopia,Africa,Horn of Africa,123379924,1104300,True,6,4550,Y,Y,,Y,,Y,,,,,,Y,,,,,Y,,,,,,,,Y,Y,Y,,,,Y,,,,,,,Y,,,,,,,,,,,,,,,,Y,,,,,,,Y,Y,Y,,,,,,,Y,Y,Y,,,Y,,,Y,Y,Y,,,Y,Y,Y,Y,,,,Y,Y,Y,,,,,,,Y,,,Y,,,,,,,,,,,,,,,,Y,,Y,Y,,,,,,,,Y,,,,,,,Y,Y,,,Y,,Y,Y,Y,,,,Y,
Gabon,Africa,Central Africa,2388992,267668,False,3,1575,,,Y,,Y,,,,,,Y,Y,,,,,Y,,,,Y,Y,Y,,,,,,,,Y,,,,,,,,,Y,,,,,,,,,,,,,,,Y,,,,,Y,Y,,,Y,,,,,,,,,,,,,,,,,Y,,,Y,Y,Y,,,,Y,,,,,,,,,,Y,,,,,,,Y,,,,,,,Y,,,,,,Y,,,,Y,,,,,,,Y,,,,,,,,,,,Y,,Y,,,,Y,
Gambia,Africa,West Africa,2705992,11295,False,1,53,,Y,,Y,,Y,,,,,Y,,,,,,Y,,,,,Y,Y,Y,,,,,,,Y,,,,,,,Y,,,,,,Y,,,,,,,,,,,Y,,,Y,Y,,,,,Y,,,,,,,,,,Y,,Y,Y,,,,Y,,Y,Y,Y,,Y,,,Y,Y,,,,,,,,,Y,,Y,,,Y,Y,,,,,,,,,,,,,,,,,,Y,,,,,,,,,,,,,,,,,,Y,,,,,,,
Ghana,Africa,West Africa,33475870,238533,False,3,885,,Y,,Y,,,,,,,Y,,,,,,Y,,,,Y,Y,Y,,,,,,,,Y,,,,,,,Y,,,,,,Y,,,,,,,,,,,Y,,,,,Y,Y,,,Y,,,,,,,,,,Y,,,,,,Y,,,Y,,Y,Y,,Y,,Y,Y,Y,,,,,,,Y,,,Y,,,Y,Y,,,,,,,,,,,,Y,Y,,,,,Y,,,,,,,,Y,,,,,,,,,,Y,Y,,,,,,Y
Guinea,Africa,West Africa,13859341,245857,False,6,1752,,Y,,Y,,,,,,,,,,,,,Y,,,,,Y,Y,Y,,,,,,,Y,,,,,,,Y,,,,,,Y,,,,,,,,,,,Y,,,,,,Y,Y,Y,Y,,,,,,,,,,,,,,,,,,,Y,,Y,Y,,,,Y,,,,,,,,,,Y,,,,,,,Y,,,,,,,Y,,,,,,,,,,Y,,,,,,,,,,,,,,,,,,Y,,Y,,,,,
Guinea-Bissau,Africa,West Africa,2105566,36125,False,2,300,,Y,,,,,,,Y,,,,,,,,Y,,,,,,,,,,Y,Y,Y,Y,Y,,,,,,,Y,,,,,,Y,,,,,,,,,,,Y,,,,Y,Y,,,,Y,,,,,,,,,,Y,,Y,,,,,Y,,Y,,Y,Y,,Y,,Y,Y,Y,,,,,,,Y,,,Y,,,,,,,,Y,,,,Y,,,,,,,,,,Y,,,,,,,,,,,,,,,,,,Y,,,,,,,
Kenya,Africa,East Africa,54027487,580367,False,5,5199,,Y,,Y,,,,,,,,,,Y,,,,Y,,,Y,Y,Y,,,,,,,,Y,,,,,,,,,Y,,,,,Y,,,,,,,,,,Y,,,,,,Y,Y,Y,,,Y,,,,Y,Y,Y,Y,,,,,,Y,Y,,,Y,,Y,,Y,Y,,Y,Y,,,,,Y,,,Y,,,Y,Y,,Y,Y,,,,,Y,,,,,,,,,,,,,Y,,,,,,,Y,,,,,,,,,,,Y,Y,Y,,,,Y,
Lesotho,Africa,Southern Africa,2305825,30355,True,1,3482,,Y,,,,,,,,Y,,Y,,,,,,Y,,,,,Y,Y,Y,,,,,,Y,,,,,,,,Y,,,,,,,Y,,,,,,,,Y,,,,Y,Y,,,,,,,,,,,Y,Y,,,,,Y,,,,,Y,,,Y,Y,,Y,Y,,Y,Y,,,,,,,,,Y,Y,,Y,,Y,Y,,,,,Y,,,,,,,,,,,,,,,,,,Y,,,,,,,,,Y,,,,Y,Y,Y,,,,,
Liberia,Africa,West Africa,5302681,111369,False,3,1440,,Y,,Y,,Y,,,,,,,Y,,,,,Y,,,,,Y,Y,Y,,,,,,Y,,,,,,,Y,,,,,,Y,,,,,,,,,,,Y,,,,,Y,Y,,,Y,,,,,,,,,,,,,,,,,,,Y,Y,,,Y,,,Y,,Y,,,,,,,Y,,,Y,,,,Y,,,,,,Y,,,,,,,,,,,,Y,,,,,,,,,,,,,,,,,,Y,Y,Y,,,,,
Libya,Africa,North Africa,6812341,1759540,False,6,2267,,Y,,Y,,,,,,,Y,,,,,,,Y,,,Y,Y,Y,,,,,,,,Y,,,,,,,Y,,,,,,,,,,,,,,,,,Y,,,,,,Y,Y,Y,,,,Y,,,Y,,,,,Y,,,,,,,,Y,,Y,,Y,Y,,Y,Y,Y,Y,,,,,,Y,,,Y,,,,,,,Y,,,,,,,,Y,,,,,,,,Y,,,,,,,,Y,,Y,,Y,,,Y,Y,,,Y,,,,,
Madagascar,Africa,East Africa,28915653,587041,False,0,2876,,,Y,,,,,,,,Y,,Y,,,,,Y,,,,,,,,,Y,Y,Y,,Y,,,,,,,,Y,,,,,,Y,,,,,,,,,,Y,Y,,,,,,,,,,Y,,,,Y,,,,,,,,,,Y,,,Y,,Y,,Y,,,Y,,,,,,,,,,Y,,Y,,,,,Y,,,,Y,,,,,,,Y,,Y,,,,Y,,,,,,,,,Y,Y,Y,,,,,,,Y,Y,Y,,,,,
Malawi,Africa,Southern Africa,20405317,118484,True,3,3002,,Y,,,,,,,,,Y,,,,,,,Y,,,,Y,Y,Y,,,,,,,Y,,,,,,,,Y,,,,,,,Y,,,,,,,,Y,,,,,,Y,Y,,,,,,,,,Y,Y,,,,,,,,,Y,,,Y,,Y,,,Y,,Y,,,,,Y,,,,Y,,,Y,Y,,Y,Y,,,,,Y,,,,,,,,,,,,,Y,,,,,,,,,,,,,,,,,,Y,Y,,,,,,Y
Mali,Africa,Sahel,22593590,1240192,True,7,1155,,Y,,,,,,,,,Y,,,,,,,Y,,,Y,Y,Y,,,,,,,,Y,,,,,,,Y,,,,,,,,,,,,,,,,Y,,,,,,,Y,Y,Y,,,,,,,,,,,,Y,,,,,Y,,,Y,,Y,Y,,,,Y,,,,,,,,,,Y,,,,,,,Y,,,,Y,,,Y,,,,,,,,,,,Y,,,,,,,Y,Y,,Y,,,,,Y,Y,Y,Y,,,,,,
Mauritania,Africa,West Africa,4736139,1030700,False,4,915,,Y,,Y,,Y,,,,,Y,,Y,,,,,Y,,,,,,,,,Y,Y,Y,,Y,,,,,,,Y,,,,,,Y,,,,,,,,,,,Y,,,,,Y,Y,Y,,Y,,,,,,,,,,Y,Y,,,,,,Y,,Y,,Y,Y,,,,Y,,Y,Y,,,,,,Y,,,Y,,,,,,,Y,,,,,,,,,,,Y,,,,,Y,,,,,,,,Y,,Y,,Y,,,Y,Y,Y,,Y,,,,,
Mauritius,Africa,East Africa,1299469,2040,False,0,828,,,Y,,,,,,,,Y,,Y,,,,,Y,,,,,,,,Y,Y,Y,,,Y,,,,,,,,Y,,,,,,Y,,,,,,,,,,Y,Y,Y,,,,,,,,,Y,,,,,,,,Y,,Y,Y,,,,Y,,Y,Y,Y,Y,,,,Y,Y,,,,,,,,,Y,,Y,Y,,Y,Y,,,,,,,,,,,,,,Y,Y,,,Y,,,,,,,,,Y,,Y,,,,,,,Y,Y,,,,,,
Morocco,Africa,North Africa,37457971,446550,False,2,4167,,Y,,,,,,,Y,Y,Y,Y,Y,,,,,Y,,,,,Y,Y,Y,,,,,,Y,,,,,,,Y,,,,,,,,,,,,,,,,,Y,,,,Y,Y,,,,Y,,,Y,,Y,Y,Y,Y,,,,,,,,Y,,,Y,,Y,,,,,,,Y,,,,,,,Y,,Y,,,,,,,,Y,,Y,,,,,,,,Y,,,,,,,,,Y,,,,,,,,,Y,,,Y,Y,Y,,Y,,Y,,Y,
Mozambique,Africa,Southern Africa,32969518,801590,False,6,2436,,Y,,,,,,,,,,Y,,,Y,,,Y,,,,,,,,,Y,Y,Y,,Y,,,,,,,,Y,,,,,,,Y,,,,,,,,,Y,,,,,,Y,Y,Y,,,Y,,,,Y,,,,,,,,,,Y,,,Y,,Y,Y,Y,Y,,Y,Y,Y,,,,,,,Y,,,Y,Y,,Y,,,,,Y,,,,,,,,,,,,,Y,Y,,,,,,,,,,Y,Y,,,,,,,Y,Y,,,,,,
Namibia,Africa,Southern Africa,2567012,825615,False,4,2606,,Y,,Y,,Y,,,,,Y,,,,,,,,Y,,,,Y,Y,Y,,,,,,Y,,,,,,,,Y,,,,,,,Y,,,,,,,,,Y,,,,,Y,Y,Y,,Y,,,,,,Y,,,,,,,,,,,Y,,Y,Y,Y,Y,Y,,,Y,Y,,,,Y,,,,Y,,,Y,Y,,Y,Y,,,,,,Y,,,,,,,,,,,,,Y,,,,,,,,,Y,Y,,,,,Y,,Y,,,,,,,
Niger,Africa,Sahel,26207977,1267000,True,7,2022,,,Y,,,,,,,Y,,,Y,,,,,,Y,,Y,Y,Y,,,,,,,,Y,,,,,,,Y,,,,,,,,,,,,,,,,Y,,,,,,,Y,Y,Y,,,,,,,Y,,,,,Y,,,,,Y,,,,,Y,,Y,,Y,Y,,,,,Y,,,,Y,,,,,,,,Y,,,,,,,Y,,,,,,,,,Y,,Y,,,,,,,,Y,,Y,,,Y,,Y,Y,Y,Y,Y,,,,,
Nigeria,Africa,West Africa,218541212,923768,False,4,2419,,Y,,Y,,Y,,,,,,,Y,,,,,,Y,,,,Y,Y,Y,,,,,,Y,,,,,,,Y,,,,,,Y,,,,,,,,,,,Y,,,,,Y,Y,Y,,Y,,,,,,Y,,,,,,,,Y,Y,Y,,,,,Y,,Y,,,,,,,,,,,,,Y,,Y,,,Y,Y,,,,,,,,,,,,Y,Y,,,,,Y,,,,,,,,,,,,,,,,,,Y,Y,Y,,Y,,,Y
Rwanda,Africa,East Africa,13776698,26338,True,4,4507,,Y,,Y,,,,,,,Y,,Y,,,,,,Y,,,Y,Y,Y,,,,,,,Y,,,,,,,,Y,,,,,,Y,,,,,,,,,Y,,,,,,Y,Y,Y,,,,,,,,Y,Y,Y,,,,Y,,,,,,,,Y,Y,Y,,,,Y,,,,,Y,,,,Y,,,Y,,,Y,Y,Y,,,,Y,,,Y,,,,,,,,,,,,,,,Y,,,,,,,Y,,Y,,,,Y,Y,Y,,,,,
Sao Tome and Principe,Africa,Central Africa,227380,964,False,0,2024,,Y,,,,,,,,,,Y,Y,,,,,,Y,Y,,,,,,,Y,Y,Y,Y,Y,,,,,,,,,Y,,,,,,,,,,,,,,,Y,Y,Y,,,,,,,Y,,,,,,Y,,,,,,Y,Y,,,,Y,Y,Y,,Y,Y,,Y,,Y,Y,Y,,,,,,,Y,,,Y,,,,,,,,Y,,,,,,,,,,,Y,Y,Y,Y,,,,,,,Y,,,,,,,,,,,,,,,,,,
Senegal,Africa,West Africa,17316449,196722,False,5,648,,,Y,,,,,,,,,,,,,,,,Y,,,,Y,Y,Y,,,,,,Y,,,,,,,Y,,,,,,Y,,,,,,,,,,,Y,,,,,,Y,Y,Y,Y,,,,,,,,,,Y,,,,,,,,,Y,,Y,Y,,,,Y,,Y,,,,,,,Y,,,Y,,,,,Y,,,,,,,Y,,,,,Y,,,,,,Y,,,,,,,,,,,,,,,,,Y,Y,,,,,Y,
Seychelles,Africa,East Africa,107118,452,False,0,905,,,Y,,,,,,Y,Y,,,,,,Y,,,Y,,,,,,,,Y,Y,Y,,Y,,,,,,,,Y,,,,,,Y,,,,,,,,,,Y,Y,Y,,,,,,,,,Y,,,,,,,,Y,,Y,Y,,,,Y,Y,Y,Y,Y,Y,Y,,,Y,Y,,,,,,,,,Y,,Y,Y,,Y,Y,Y,,,,Y,,,,,,,,,,,,,Y,,,,,,,,,,,,,,,,,,,,,,,,,
Sierra Leone,Africa,West Africa,8605718,71740,False,2,1948,,Y,,,,,,,Y,,,Y,Y,,,,,,Y,Y,,,,,,,Y,Y,Y,Y,Y,,,,,,,Y,,,,,,Y,,,,,,,,,,,Y,,,,Y,Y,,,,Y,,,,,,,,,,,,,,,,,,,,Y,Y,,Y,,,Y,,,,,,,,,,Y,,Y,,,Y,Y,,,,,,,,,,,,,,,,,,Y,,,,,,,,,,,,,,,,,,Y,,Y,,,,,
Somalia,Africa,Horn of Africa,17597511,637657,False,3,2460,,Y,,Y,,Y,,,,,Y,Y,,,,,,,Y,,,,Y,Y,Y,,,,,,Y,,,,,,,,,Y,,,,,,,,,,,,,,,Y,,,,,Y,Y,,,,,Y,,,,Y,,,,,,,,,,,,,,Y,,,Y,,,,,Y,,,,,,,Y,,,Y,,,,,,,Y,,Y,,,,,,,,,Y,,,,,Y,,,,,,Y,,,,,,,,,,,Y,,Y,,,,Y,
South Africa,Africa,Southern Africa,59893885,1221037,False,6,3450,,Y,,Y,,,,,,,Y,Y,Y,,,,,,Y,Y,,,,,,,Y,Y,Y,Y,Y,,,,,,,,Y,,,,,,,Y,,,,,,,,,Y,,,,,,Y,Y,Y,Y,,Y,,,Y,Y,Y,,,,Y,,,,Y,Y,,,Y,Y,Y,Y,Y,Y,,Y,Y,,,,,,,,,Y,,Y,Y,,Y,Y,,,,,Y,,,,,,,,,,,,,,,Y,,,,,,,,Y,Y,,,,,Y,,Y,,Y,,Y,,,
South Sudan,Africa,East Africa,10913164,619745,True,6,3187,,,Y,,Y,,,,,,Y,Y,,,,,,,Y,Y,,,,,,,Y,Y,Y,,Y,,,,,,,Y,,,,,,,Y,,,,,,,,,Y,,,,,,,Y,Y,Y,,,,,,,Y,Y,,,,,,,,,,,,Y,Y,Y,Y,Y,Y,,Y,Y,Y,,,,,,,Y,,,Y,,,,Y,,,,,,,,,Y,,,,Y,,,,,Y,,,,,,,,,,,,,,Y,,,,Y,,Y,,,,,Y
Sudan,Africa,North Africa,46874204,1886068,False,7,3042,,,Y,,Y,,,,,,Y,,,,,,,,Y,,Y,Y,Y,,,,,,,,Y,,,,,,,Y,,,,,,,,,,,,,,,,,Y,,,,,,Y,Y,Y,,,Y,,,,Y,Y,,,,Y,,,,,Y,,,Y,,Y,,Y,Y,,Y,Y,,,,,,,,,Y,,,,,,Y,,,Y,,Y,,,,Y,,,,,,,,,,Y,,,,,,,,,,,,,,,Y,Y,Y,Y,Y,,Y,,,
Tanzania,Africa,East Africa,65497748,945087,False,8,5895,,Y,,Y,,Y,,,,,Y,,,,Y,,,,Y,,,,,,Y,Y,Y,,,,Y,,,,,,,,Y,,,,,,Y,,,,,,,,,,Y,,,,,,Y,Y,Y,,,Y,,,,Y,Y,Y,Y,,,,,,Y,Y,,,,Y,Y,Y,,Y,,Y,Y,,,,,,,,,Y,,Y,Y,,Y,Y,,,,,Y,,,,,,,,,,,,,Y,,,,,,,,,,,,Y,,,,,,Y,Y,,,Y,,,
Togo,Africa,West Africa,8848699,56785,False,3,986,,Y,,,,,,,,Y,Y,Y,,,,,,,Y,,Y,Y,Y,,,,,,,,Y,,,,,,,Y,,,,,,Y,,,,,,,,,,,Y,,,,,Y,Y,,,Y,,,,,,,,,,Y,,,,,,,,,Y,,Y,Y,Y,,,Y,Y,Y,,,,,,,Y,,,Y,,,,,Y,,,,,,,Y,,,,,Y,,,,,Y,,,,,,,,Y,,,,,,,,,,Y,Y,,,,,,
Tunisia,Africa,North Africa,12356117,163610,False,2,1544,,Y,,Y,,Y,,,,,Y,,,,,,,,Y,,,,Y,Y,Y,,,,,,Y,,,,,,,Y,,,,,,,,,,,,,,,,,Y,,,,Y,Y,,,,,,,Y,,,,,,,,,,,,,,,,Y,,,,Y,,,,,Y,Y,,,,,,Y,,,Y,,,,,,,Y,,,,,,,,Y,,Y,,,,Y,,,,,Y,,,,,,,,,Y,,,Y,Y,Y,Y,Y,,,,,
Uganda,Africa,East Africa,47249585,241550,True,5,5109,Y,Y,,Y,,,,,,,Y,,,,,,,,Y,,,Y,Y,Y,,,,,,,Y,,,,,,,,,Y,,,,,Y,,,,,,,,,Y,,,,,,,Y,Y,Y,,,,,,,Y,Y,Y,Y,,,,,,,Y,,,Y,,,Y,,Y,,Y,,,,,,,Y,,Y,,,Y,Y,,Y,Y,,,,,Y,,,,,,,,,,,,,Y,,,,,,,Y,,,,,,,Y,,,,Y,Y,Y,,,,,
Zambia,Africa,Southern Africa,20017675,752618,True,8,2339,,Y,,Y,,Y,,,,,Y,,,,Y,,,,Y,,,Y,Y,Y,,,,,,,Y,,,,,,,,Y,,,,,,,Y,,,,,,,,Y,,,,,,,Y,Y,Y,,,,,,,Y,,,,,,,,,,Y,,,Y,,Y,,,Y,Y,Y,Y,,,,,,Y,,Y,,,Y,Y,,Y,Y,,,,,,,,,,,,,,,,,,Y,,,,,,,,,,Y,Y,,,Y,,,,Y,Y,Y,,,,,Y
Zimbabwe,Africa,Southern Africa,16320537,390757,True,4,2592,,Y,,,,,,,,,,,,,Y,,,,Y,,,,,,Y,Y,Y,,,,Y,,,,,,,,Y,,,,,,,Y,,,,,,,,Y,,,,,,Y,Y,Y,,,,,,,,Y,,,,,,,,,,,,,Y,,Y,Y,Y,Y,,Y,Y,Y,,,,,Y,,Y,,,Y,Y,,,Y,,,,,Y,Y,,,,,,,,,,,,Y,,,,,,,,,,Y,Y,,,,,,,Y,Y,Y,,,,,
Afghanistan,Asia,Central Asia,41128771,652230,True,6,7492,Y,,Y,,Y,,,Y,,,Y,,,,,,Y,,,,,,,,,,Y,Y,Y,Y,,Y,,,,,,Y,,,,,,,,,,,Y,,,,,Y,,,,,,,Y,Y,Y,,,,,,,Y,Y,Y,Y,,,,,,,Y,,,Y,,Y,,Y,Y,,Y,Y,,,,,Y,,,Y,,,,,,,,,,,,Y,,,,,,,,Y,,,,,,Y,,,,,,,,,,,,,Y,,Y,,Y,,Y,,,,Y,
Armenia,Asia,South Caucasus,2780469,29743,True,4,4090,Y,Y,,Y,,Y,,,,,,,Y,,,Y,Y,,,,,,Y,Y,Y,,,,,,,Y,,,,,,Y,,,,,,,,,,,,,,,,Y,,,,,,Y,Y,Y,,,,,,,,Y,Y,Y,,,,Y,,,,,Y,,Y,Y,,,,,Y,Y,,,,,,,,,,Y,,Y,,,,,,,,,,,,,,,,,,,,,,,,,,,Y,,,,,,,,,Y,,,,Y,Y,Y,,,,,Y
Azerbaijan,Asia,South Caucasus,10358074,86600,True,5,4466,Y,,Y,,Y,,,,,,,,Y,,Y,,Y,,,,,,,,,,Y,Y,Y,,,Y,,,,,,Y,,,,,,,,,,,,,,,,Y,,,,,,,Y,Y,Y,,,,,,,Y,Y,Y,,,,,,,,,,,Y,Y,Y,,,,,Y,,Y,Y,,,,,,Y,,,Y,,,,,,,,,,,,,,,,,Y,,,,,,,Y,,,,,,,,,,Y,Y,,,,,Y,Y,Y,,,,,
Bahrain,Asia,Middle East,1472233,786,False,0,134,,,Y,,Y,,,,,,Y,,Y,,,,Y,,,,,,Y,Y,Y,,,,,,,Y,,,,,,Y,,,,,Y,,,,,,,,,,,,Y,Y,Y,,,,,,,,,Y,,,,,,,,Y,,Y,Y,,,,Y,,Y,,,,Y,,,,,,,,,,,,,Y,Y,,,,,,,,Y,,,,,,,,Y,,,,,,,,Y,,,,,,,,,,,,,,,,,,,,,,,,
Bangladesh,Asia,South Asia,171186372,147570,False,2,1052,,,Y,,,,,,,,,,,,,,Y,,,,,,,,,,Y,Y,Y,,,Y,,,,,,Y,,,,,,,,,,Y,,,,,,,Y,,,,Y,Y,,,,,,Y,,,,,,,,,,,,Y,Y,Y,,,Y,,Y,,,,,,,,,,Y,,,,Y,,,Y,Y,,Y,,,,,,,,,,,,,,Y,,,,,Y,,,,,,,,,Y,,Y,,,,,,,Y,Y,Y,,,,Y,
Bhutan,Asia,South Asia,777486,38394,True,2,7570,,,Y,,Y,,,,,,Y,,,,,,Y,,,,,Y,Y,Y,,,,,,,,Y,,,,,,Y,,,,,,,,,,Y,,,,,,Y,,,,,Y,Y,,,,,,,,,,Y,Y,Y,Y,,,Y,,,,,Y,Y,,,,Y,,,Y,,,,,,,,Y,,Y,,Y,,Y,,,,,,,,,,,,,,,,,,,,,,,,,,Y,,,,,,,,,,,,,Y,,Y,,,,,
Brunei,Asia,Southeast Asia,449002,5765,False,1,1850,,Y,,,,,,,,Y,,,Y,,,,Y,,,,,Y,Y,Y,,,,,,,,Y,,,,,,Y,,,,,,,,,Y,,,,,,,,Y,,,Y,Y,,,,,,Y,,,,,,,,,,,Y,Y,,,,Y,Y,Y,,,Y,Y,Y,,Y,Y,,Y,,,Y,,,Y,,Y,,Y,,Y,,,,,,,Y,,,,,,,,Y,Y,,Y,Y,,,,,,,,,,,,,,,,,,Y,,,,,,,Y
Cambodia,Asia,Southeast Asia,16767842,181035,False,3,1810,,Y,,Y,,Y,,,,,Y,Y,,,,,Y,,,,,,,,Y,Y,Y,,,,,Y,,,,,,Y,,,,,,,,,Y,,,,,,,,Y,,,,,Y,Y,,,,Y,,,,,,,,,,,,,,,,,,Y,Y,,,Y,,,Y,,,,,,Y,,,Y,,Y,,,,,,,,,,,,,,,,,,,Y,Y,,,Y,,,,,,,,,,,,,,,,,,Y,Y,Y,,,,,
China,Asia,East Asia,1425671352,9596961,False,14,8849,,Y,,Y,,,,,,,Y,,,,,,Y,,,,Y,Y,Y,,,,,,,,,Y,,,,,,Y,,,,,,,,,,,,,,,,,Y,,,,,,Y,Y,Y,,Y,,,,,Y,Y,Y,Y,,Y,,,Y,Y,Y,,,Y,,,Y,,,,,,Y,,,,,,,Y,,,,,,,,,,,,,,,,,,,,,,,,,,,,Y,,,,,,Y,,Y,,Y,,Y,Y,,Y,Y,Y,,Y,,,
Cyprus,Europe,Middle East,1251488,9251,False,0,1952,,,Y,,,,,,,Y,Y,,Y,,,,Y,,,,,Y,Y,Y,,,,,,,,,Y,,,,,Y,,,,,Y,,,,,,,,,,,,Y,Y,Y,,,,,,,,,,Y,,,,,,,,,Y,Y,,,,Y,,,,,,Y,,Y,,,,,,,,,Y,Y,,,Y,Y,Y,Y,,,,,,Y,,Y,,,,,,,,,,,,,,,Y,,,,,,,,,,,,,,Y,,Y,,,,,
Georgia,Asia,South Caucasus,3744385,69700,False,4,5193,,Y,,Y,,Y,,,,,,Y,Y,,,,Y,,,,,,Y,Y,Y,,,,,,,Y,,,,,,Y,,,,,,,,,,,,,,,,,Y,,,,,Y,Y,Y,,,,,Y,,,Y,Y,Y,Y,,,,,,,,Y,,Y,,,,Y,,,,,,,Y,,,,,Y,,,Y,,,,,,,,,,,,,,,,,,,,,,,,Y,,,,,,,,,,,,,,,,Y,,Y,,,,Y,
India,Asia,South Asia,1417173173,3287263,False,6,8586,Y,Y,,Y,,Y,,,,,Y,,,,,,,Y,,,Y,Y,Y,,,,,,,,,Y,,,,,,Y,,,,,,,,,,Y,,,,,,,Y,,,,,,Y,Y,Y,,,Y,,,,Y,Y,Y,Y,,Y,,,Y,Y,Y,,,,Y,Y,,Y,,Y,Y,Y,,,,Y,,,,Y,,,Y,Y,,Y,Y,,,,,Y,,,,,,,,,,Y,,,Y,,,,,,,,,Y,,Y,,,,Y,Y,,Y,Y,Y,,Y,,Y,
Indonesia,Asia,Southeast Asia,275501339,1904569,False,3,4884,Y,Y,,Y,,Y,,,,,,Y,,,,,,Y,,,,,,,,Y,Y,Y,,,,Y,,,,,,,,Y,,,,,,,Y,,,,,,,,Y,,Y,,,Y,Y,,,,Y,Y,,,Y,Y,Y,Y,,,Y,,,Y,Y,Y,,,Y,,,,Y,,,,,,,,,,,,,Y,,Y,Y,,,,,,,,,,,,,,,,,,,,,Y,,,,,,,Y,,,,,Y,,,Y,,,Y,Y,Y,Y,,,,
Iran,Asia,Middle East,88550570,1648195,False,7,5610,Y,,Y,,Y,,,,,,Y,,Y,,,,,Y,,,Y,Y,Y,,,,,,,,,Y,,,,,,Y,,,,,Y,,,,,,,,,,,,Y,,,,,,Y,Y,Y,,,Y,,,,Y,Y,Y,Y,,Y,,,,Y,Y,,,Y,,Y,,Y,,,Y,,,,,,Y,,,Y,,,,,,,,,,,,,,,,,,,,,,,,,,Y,,,,,,,,,,,Y,Y,,,Y,,Y,Y,Y,,,,Y,
Iraq,Asia,Middle East,44496122,438317,False,6,3611,Y,,Y,,,,,,,,Y,,Y,,Y,,,Y,,,Y,Y,Y,,,,,,,,,Y,,,,,,Y,,,,,Y,,,,,,,,,,,,Y,,,,,,Y,Y,Y,,,Y,,,,Y,Y,,,,,,,,,Y,,,Y,,Y,,Y,Y,,Y,Y,,,,,,,,,Y,,Y,,,,,,,Y,,Y,,,,,,Y,,,,,,,,Y,,,,,,,,,,,,,,,Y,,Y,Y,Y,,,,,
Israel,Asia,Middle East,9038309,22072,False,4,2236,Y,,Y,,,,,,,,,,Y,,,,,Y,,,,Y,Y,Y,,,,,,,,Y,,,,,,Y,,,,,Y,,,,,,,,,,,,Y,,,,,Y,Y,Y,,,,Y,Y,,Y,Y,,,,,,Y,,,,,,,,Y,,,Y,,,,,Y,,,,,,,Y,,,Y,,,,,,,,,,,,,,,,,,Y,,,,,,,,Y,,,,,,,,,Y,,,Y,,Y,Y,,,,,,
Japan,Asia,East Asia,124947000,377975,False,0,3776,,,Y,,Y,,,,,,Y,,,,Y,,,Y,,,Y,Y,Y,,,,,,,,,Y,,,,,,Y,,,,,,,,,,,,,,,,,Y,Y,Y,,,,,,,,Y,,,,,Y,Y,,,,,,,Y,Y,Y,,,Y,,,,Y,,,,,,,,Y,,,,Y,,Y,,Y,,,,,,,,,,,,,,,,Y,,,,,,,Y,,,,,,,,,,Y,,,Y,,,Y,Y,Y,,,,,
Jordan,Asia,Middle East,11285869,89342,False,4,1854,,,Y,,Y,,,,,,Y,Y,Y,,Y,,,Y,,,,Y,Y,Y,,,,,,,,Y,,,,,,Y,,,,,Y,,,,,,,,,,,,Y,,,,,Y,Y,Y,,,,Y,,,,,,,,,,,,,,,,,Y,,Y,,Y,Y,,Y,Y,Y,,,,,,,Y,,Y,,,,,,,,Y,,,,,,,,Y,Y,Y,,,,,,Y,,,,,,,,,,,,Y,,,Y,,Y,Y,,,,,,
Kazakhstan,Asia,Central Asia,19397998,2724900,True,5,7010,,,Y,,Y,,,Y,,,Y,,,Y,Y,,,Y,,,,,,,,,Y,Y,Y,,,Y,,,,,,Y,,,,,,,,,,,Y,,,,,Y,,,,,,,Y,Y,Y,,,,,,,Y,Y,Y,Y,,Y,,,,,,,,,Y,,Y,,,,,,,,,Y,,Y,,Y,,,Y,,,,,,,,,Y,,,,,,,Y,,,,,,,,,Y,,,,,,,,,,Y,,,Y,,Y,Y,Y,Y,Y,,,Y
Kuwait,Asia,Middle East,4268873,17818,False,2,306,,,Y,,,,,,,,Y,,,Y,,,,Y,,,,Y,Y,Y,,,,,,,,Y,,,,,,Y,,,,,Y,,,,,,,,,,,,Y,,,,Y,Y,,,,,,Y,,,,,,,,Y,,Y,Y,,,,Y,,Y,,Y,,Y,Y,,Y,Y,,,,,,,,,Y,Y,,,,,,,,Y,,,,,,,,Y,,,Y,Y,Y,Y,,Y,,,,,,,,,,,,,,,Y,,,,,,,,,
Kyrgyzstan,Asia,Central Asia,6630623,199951,True,4,7439,,,Y,,Y,,,Y,,,Y,,Y,Y,Y,,,Y,,,,,,,,,Y,Y,Y,,,Y,,,,,,Y,,,,,,,,,,,Y,,,,,Y,,,,,,Y,Y,Y,,,,,,,,Y,Y,Y,Y,,,,,,,,,,Y,,,Y,,,,,,,,,Y,,,,Y,,,Y,,,,,,,,,Y,,,,,,,,,,,,,,,,Y,,,,,,,,,,,,,,,Y,Y,Y,,,,Y,
Laos,Asia,Southeast Asia,7529475,236800,True,5,2819,,,Y,,,,,,,,Y,Y,,,,,,Y,,,Y,Y,Y,,,,,,,,,Y,,,,,,Y,,,,,,,,,Y,,,,,,,Y,,,,,,,Y,Y,Y,,,,,,,Y,,,,,,,,,,,,,Y,Y,,,Y,,,Y,,,,,Y,,,,Y,,,,,,,,,,,,,,,,,,,,,Y,,,,Y,,,,,,,,,,,,,,,,,,Y,,Y,,,,,
Lebanon,Asia,Middle East,5489739,10452,False,2,3088,,,Y,,Y,,,,,,,Y,,,,,,Y,,,,,Y,Y,Y,,,,,,,Y,,,,,,Y,,,,,Y,,,,,,,,,,,,Y,,,,Y,Y,,,,,,,Y,,,Y,Y,,,,,Y,Y,,,,,,Y,,Y,,Y,,,Y,,,,,,,,Y,Y,,,Y,,,,,,,Y,,,,,,Y,,,,,,,,,,,,,Y,,,,,,,,,,,,,,Y,Y,Y,,,,,
Malaysia,Asia,Southeast Asia,33938221,330803,False,3,4095,,Y,,Y,,Y,,,,,Y,,,,,,,Y,,,,,,,Y,Y,Y,,,,,Y,,,,,,Y,,,,,,,,,Y,,,,,,,,Y,,Y,,,Y,Y,,,,Y,Y,,,Y,Y,Y,Y,,,,,,,,Y,,,Y,Y,,Y,Y,,,Y,Y,Y,Y,,,,,,Y,,Y,,Y,,Y,,,,,,,,,,,,,,,Y,Y,,,Y,,,,,,,,,,,,,,,,,,Y,,Y,,,,Y,
Maldives,Asia,South Asia,523787,300,False,0,5,,,Y,,,,,,,,,,,,,,,Y,,,,,,,Y,Y,Y,,,,,Y,,,,,,,,Y,,,,,,,,Y,,,,,,,Y,Y,Y,,,,,,,,,Y,,,,,,,,Y,,Y,Y,,,,Y,Y,Y,,Y,,Y,,,Y,,Y,Y,,,,,,Y,,,Y,Y,,Y,,,,,,,,,,,,,,Y,,,,Y,Y,,,,,,,Y,,,,,,,,,,,,,,,,,,
Mongolia,Asia,East Asia,3398366,1564110,True,2,4374,,Y,,Y,,Y,,,,,Y,Y,,,,,,Y,,,,,,,Y,Y,Y,,,,,Y,,,,,,Y,,,,,,,,,,,,,,,,Y,,,,,Y,Y,,,,,,,,,,Y,Y,Y,,,Y,,,,,,Y,,Y,Y,,Y,,,,Y,,,,,Y,Y,,,Y,,,Y,,,,,,,,,,,,,,,,Y,,Y,,,,,,,Y,,,,,,,,,,,Y,,Y,,Y,Y,Y,Y,,,,
Myanmar,Asia,Southeast Asia,54179306,676578,False,5,5881,,,Y,,,,,,,,Y,,Y,,,,,Y,,,,,Y,Y,Y,,,,,,,Y,,,,,,Y,,,,,,,,,Y,,,,,,,,Y,,,,,,Y,Y,Y,,,Y,,,,Y,Y,Y,Y,,,,,,Y,Y,,,Y,,Y,Y,Y,,,Y,Y,Y,,,,,,,Y,,,,,,,,,,,,,,,,,,,,,Y,,,,Y,,,,,,,,,Y,,Y,,,,,,,Y,Y,Y,,Y,,Y,
Nepal,Asia,South Asia,30547580,147181,True,2,8849,,,Y,,,,,,,,,,,,,,,,Y,,Y,Y,Y,,,,,,,,,Y,,,,,,Y,,,,,,,,,,Y,,,,,,Y,,,,,Y,Y,,,,,,,,,,Y,Y,Y,Y,,,,,,,Y,,,Y,Y,,,Y,,,Y,,,Y,,Y,,,,Y,,,Y,,,,,,,,,,,,,,,,,,Y,,,,,,,,,Y,,,,,,,,,,,,,Y,Y,Y,,,,,
North Korea,Asia,East Asia,26069416,120538,False,3,2744,,Y,,Y,,,,,,,,Y,Y,Y,,,,,Y,Y,,,,,,,Y,Y,Y,,,Y,,,,,,Y,,,,,,,,,,,,,,,,,Y,,,,,Y,Y,,,,Y,,,,,Y,,,,,,,,,,Y,,,Y,Y,,,Y,,,Y,,Y,,,,,,,Y,,,,,,,,,,,,,,,,,,,,,Y,,,,,,,Y,,,,,,,,,Y,,,,,,Y,Y,Y,,,,Y,
Oman,Asia,Middle East,4576298,309500,False,3,3009,Y,,Y,,Y,,,,,,Y,Y,,,,,,,Y,,Y,Y,Y,,,,,,,,,Y,,,,,,Y,,,,,Y,,,,,,,,,,,,Y,,,,,Y,Y,,,,,Y,,,,Y,Y,,,,,,,,,,Y,,Y,,Y,,Y,,,Y,,,,,,Y,,,Y,,Y,,,,,,,,Y,,,,,,,,,,,,,,,,Y,,,,,,,,,,,,,,,Y,,,,Y,,,,,
Pakistan,Asia,South Asia,235824862,881913,False,4,8611,,,Y,,Y,,,Y,,,Y,,,Y,,,,,Y,,,,,,Y,Y,Y,,,,,Y,,,,,,Y,,,,,,,,,,Y,,,,,,,Y,,,,,Y,Y,Y,,,,Y,,,,Y,Y,Y,Y,,,,,Y,Y,Y,,,,,Y,,Y,,,,,Y,Y,,,,,,Y,,,Y,Y,,Y,Y,,,,,Y,,,,,,,Y,,Y,,,,,Y,,,,,,,,Y,,Y,,,,,Y,,Y,Y,Y,,Y,,,
Philippines,Asia,Southeast Asia,115559009,300000,False,0,2954,,,Y,,,,,,Y,Y,,,,,,,,,Y,,,,,,,,Y,Y,Y,Y,,Y,,,,,,Y,,,,,,,,,Y,,,,,,,,Y,Y,Y,,,,,,,,Y,,,,,Y,,,,,,,,Y,Y,Y,,,Y,Y,,Y,Y,,,Y,Y,Y,,,Y,,,,Y,,,Y,,,,Y,,,,,Y,,,,,Y,,,,,,,,Y,,,,,,,,,,,,Y,,,Y,,,Y,Y,Y,,Y,,,
Qatar,Asia,Middle East,2695122,11586,False,1,103,,,Y,,,,,,,,Y,,Y,,Y,,,,Y,,Y,Y,Y,,,,,,,,,Y,,,,,,Y,,,,,Y,,,,,,,,,,,,Y,,,Y,Y,,,,,,,Y,,,,,,,,Y,,Y,Y,,,,Y,,Y,,,,Y,,,,,,,,,,,,,Y,Y,,,,,,,,Y,,,,,,,,,,Y,,,,,,Y,,,,,,,,,,,,,,,Y,,,,,,,,,
Saudi Arabia,Asia,Middle East,36408820,2149690,False,7,3015,,Y,,Y,,Y,,,,,Y,,Y,,,,,,Y,Y,,,,,,,Y,Y,Y,Y,,Y,,,,,,Y,,,,,Y,,,,,,,,,,,,Y,,,,,,Y,Y,Y,,,Y,,,,Y,Y,,,,Y,,,,,Y,,,,,Y,,Y,,,,,,,,,,,,,Y,Y,,,,,,,,Y,,,,,,,,,,,,,,,,Y,,,,,,,,Y,,Y,,,,,Y,,,,Y,,,,,
Singapore,Asia,Southeast Asia,5637022,733,False,0,164,,Y,,,,,,,,,,Y,Y,,,,,,Y,,,,,,,Y,Y,Y,,,,Y,,,,,,Y,,,,,,,,,Y,,,,,,,,Y,Y,Y,,,,,,,,Y,Y,,,Y,,,,,Y,,Y,Y,,,,,,Y,,,,Y,,,,,Y,Y,,,,,,Y,,,Y,Y,,Y,Y,,,,,Y,Y,,,,,,,,Y,,Y,Y,Y,,,,,,,,,,,,,,,,,,,,,,,,Y,
South Korea,Asia,East Asia,51815810,100210,False,1,1947,,Y,,Y,,,,,,,,Y,Y,Y,,,,,Y,Y,,,,,,,Y,Y,Y,,,Y,,,,,,Y,,,,,,,,,,,,,,,,,Y,,,Y,Y,,,,,,Y,,,,,,,,,,,,,,Y,Y,,,Y,Y,,,Y,Y,,Y,Y,,,,Y,,,,Y,,,Y,,,,,,,,,,,,,,,,,Y,,,,Y,,,Y,,,,,,,,,,,,,,,,Y,,Y,,,,Y,
Sri Lanka,Asia,South Asia,21832143,65610,False,0,2524,,Y,,Y,,,,,,,Y,,Y,Y,,,,,Y,Y,,,,,Y,Y,Y,,,,,Y,,,,,,Y,,,,,,,,,,Y,,,,,,,Y,Y,,,,,,,,,,Y,,,,Y,,,,,,,,,,Y,,,Y,,Y,Y,,,Y,Y,Y,,,,,,Y,Y,Y,,,Y,Y,,Y,,,,,,Y,,,,,,,,,Y,Y,Y,Y,Y,,,,,,,,,,,,,,,,,,Y,,Y,,Y,,Y,
Syria,Asia,Middle East,22125000,185180,False,5,2814,,Y,,Y,,Y,,,,,Y,,Y,,,,,,Y,,Y,Y,Y,,,,,,,,,Y,,,,,,Y,,,,,Y,,,,,,,,,,,,Y,,,,,,Y,Y,Y,,,,Y,,,Y,,,,,,,,,,Y,,,Y,,Y,,Y,Y,,Y,Y,Y,,,,,,,Y,,,Y,,,,,,,Y,,,,,,Y,,,,,,,,,,Y,,,,,,,,,,,,,,,Y,,Y,,Y,,,,,
Tajikistan,Asia,Central Asia,9952787,143100,True,4,7495,,,Y,,Y,,,Y,,,Y,,,Y,Y,,,,Y,,,,,,,,Y,Y,Y,,,Y,,,,,,Y,,,,,,,,,,,Y,,,,,Y,,,,,,Y,Y,Y,,,,,,,,Y,Y,Y,Y,,,,,,,,,,Y,,Y,Y,Y,,,Y,Y,,,,,Y,,,Y,,,Y,,,,,,,,,,,,,,,,,,,,,,,,,,,Y,,,,,,,,,Y,,,,Y,Y,Y,,,,Y,
Thailand,Asia,Southeast Asia,71697030,513120,False,4,2565,,,Y,,,,Y,,,,Y,,,,,,,,Y,,,,,,Y,Y,Y,,,,,Y,,,,,,Y,,,,,,,,,Y,,,,,,,,Y,,,,,Y,Y,Y,,,Y,Y,,,Y,Y,,,,,,,,,Y,Y,,,Y,Y,,,Y,,,Y,,,,,,,,,,Y,Y,,Y,,,,,,,,,,,,,,,,,,,,,Y,,,,,,,,,,,,,,,,,,Y,,Y,,,,,
Timor-Leste,Asia,Southeast Asia,1341296,14874,False,1,2963,,Y,,,,,,,,Y,,Y,Y,,,,,,Y,,,,,,,,Y,Y,Y,,,Y,,,,,,,Y,,,,,,,,Y,,,,,,,,Y,,,Y,Y,,,,,,Y,,,,,Y,,,,,,Y,Y,,,,Y,,Y,,,Y,Y,Y,,Y,Y,Y,,,,,,,Y,,,Y,Y,,,,,,,Y,Y,Y,,,,,,,Y,,,,,Y,,,,,,,,,,,,,,,,,,Y,,Y,,,,,
Turkey,Asia,Middle East,85341241,783562,False,8,5137,,,Y,,,,,,,Y,,,Y,Y,,,,,Y,,,Y,Y,Y,,,,,,,,Y,,,,,,Y,,,,,Y,,,,,,,,,,,,Y,,,,,,Y,Y,Y,,,,Y,,,Y,Y,Y,Y,,,,,,Y,Y,,,Y,,,,Y,,,,,Y,Y,,,,,,Y,,,Y,,,,,,,,,,,,,,,,Y,,,,,,,,,,Y,,,,,,,,Y,,,Y,,,Y,Y,Y,,Y,,,
Turkmenistan,Asia,Central Asia,6430770,488100,True,4,3139,,,Y,,Y,,,Y,,,,,Y,Y,,,,,Y,,,,,,,,Y,Y,Y,Y,,Y,,,,,,Y,,,,,,,,,,,Y,,,,,Y,,,,,,Y,Y,Y,,,,,,,,Y,Y,,,,,,,,,,,,Y,,Y,,Y,,,Y,,Y,Y,,,,,Y,Y,,,Y,,,,,,,,,,,,,,,,Y,,,,,,,Y,,,,,,,,,,,,Y,,,Y,,Y,Y,Y,,,,,
United Arab Emirates,Asia,Middle East,9441129,83600,False,2,1934,Y,,Y,,,,,,,,,,Y,,,,,,Y,Y,,,,,,,Y,Y,Y,Y,,Y,,,,,,Y,,,,,Y,,,,,,,,,,,,Y,,,,Y,Y,,,,,,Y,,,,,,,,,,,,,,,,,Y,,Y,,Y,Y,,Y,Y,,,,,,,,,Y,,,,,,,,,Y,,,,,,,,,Y,,,Y,,,,Y,,,,,,,,Y,,Y,,,,,Y,,,,Y,,Y,,,
Uzbekistan,Asia,Central Asia,35648100,447400,True,5,4643,Y,,Y,,Y,,,Y,,,,,,Y,Y,,,,Y,,,,,,,,Y,Y,Y,,,Y,,,,,,Y,,,,,,,,,,,Y,,,,,Y,,,,,,,Y,Y,Y,,,,,,,Y,Y,Y,,,,,,,,Y,,,Y,Y,Y,,Y,,,Y,Y,Y,Y,,,,,,Y,,,Y,,,,,,,,,,,,,,,,,,,,,,,Y,,,,,,,,,,,,Y,,,Y,,Y,Y,Y,,,,,
Vietnam,Asia,Southeast Asia,98186856,331212,False,3,3147,,,Y,,,,,,,,,,,,,,,,Y,,,,Y,Y,Y,,,,,,,Y,,,,,,Y,,,,,,,,,Y,,,,,,,,Y,,,,,Y,Y,,,,Y,,,,,Y,Y,,,,,,,,Y,Y,,,Y,,,Y,,,,,,Y,,,,,,,Y,,,,,,,,,,,,,,,,,,,,Y,,,,,Y,,,,,,,,,,,,,,,,,,Y,,Y,,Y,,,
Yemen,Asia,Middle East,33696614,527968,False,2,3666,,,Y,,Y,,,,,Y,,,,,,,,,Y,,Y,Y,Y,,,,,,,,,Y,,,,,,Y,,,,,Y,,,,,,,,,,,,Y,,,,Y,Y,,,,,,Y,,,,Y,Y,,,,,,,,,Y,,,Y,,,,Y,Y,,Y,,,,,,,,,,Y,,Y,,,,,,,Y,,,,,,,,,,Y,,,,,,Y,,,,,,,,,,,Y,,,,Y,,,,Y,,Y,,Y,
Albania,Europe,Balkans,2842321,28748,False,4,2764,Y,Y,,Y,,Y,,,,,Y,,,,,Y,Y,,,,,,Y,Y,Y,,,,,,,,Y,,,,,Y,,,,,,,,,,,,Y,,,,,Y,,,,,Y,Y,Y,,,,,Y,,,Y,,,,,,Y,,,,,Y,,Y,,,,,Y,,,,,,,,,Y,,Y,,,Y,,,,,,,,,,,,,,,,,,,,,,,,,,Y,,,,,,,,,,,,,,Y,Y,Y,,,,,Y
Andorra,Europe,Western Europe,79824,468,True,2,2942,Y,Y,,Y,,,,,Y,,Y,Y,Y,,,Y,Y,,,,,,Y,Y,Y,,,,,,,,Y,,,,,Y,,,,,,,,,,,,,,Y,,Y,,,,,Y,Y,,,,,,,,,,Y,,,,,,Y,Y,,,,Y,Y,Y,Y,,Y,,,,Y,,,,,,Y,,,Y,,Y,,,,,,,,,,,,Y,,,,,Y,,Y,Y,Y,Y,,,,,,Y,,,,,,,,,Y,,,,Y,,Y,,,,,
Austria,Europe,Central Europe,8939617,83879,True,8,3798,Y,Y,,Y,,Y,,,,,Y,,Y,,,Y,Y,,,,,,Y,Y,Y,,,,,,,,Y,,,,,Y,,,,,,,,,,,,,,,Y,Y,,,,,,,Y,Y,Y,,,,,,,Y,Y,,,,,,,,,,,,Y,,,,Y,,,,,,,,,,,,,Y,,Y,,Y,,,,,,,,,Y,,,,,,,,,,,,,,Y,,,,,,,,,,,,,,,Y,Y,Y,,,,,Y
Belarus,Europe,Eastern Europe,9534954,207600,True,5,345,,,Y,,,,,,,,,,Y,,,,Y,,,,,,Y,Y,Y,,,,,,,,Y,,,,,Y,,,,,,,,,,,,,,,,Y,,,,,,,Y,Y,Y,,,,,,,,,,,Y,,,,,,,,,Y,,Y,,Y,,,Y,,,,,,,,,,Y,,Y,,,,,,,,,Y,,,,,,,,Y,,,,,,,,Y,,,,,,,,,,,,,,,Y,Y,,,,,,
Belgium,Europe,Western Europe,11655930,30528,False,4,694,,,Y,,,,,,,Y,,,,,,,Y,,,,,,Y,Y,Y,,,,,,,,Y,,,,,Y,,,,,,,,,,,,,,Y,,,Y,,,,,Y,Y,Y,,Y,,,,,,,,,,Y,,Y,,,,,,,Y,,,Y,,Y,,Y,,,,,,,,,,Y,Y,,,Y,,,Y,,,,Y,,Y,,,,,,,,,,Y,,,,,,,Y,,,,,,,,,,,,Y,,Y,,,,Y,
Bosnia and Herzegovina,Europe,Balkans,3233526,51197,False,3,2386,,Y,,Y,,,,,Y,,,Y,Y,,Y,,Y,,,Y,,,,,,,Y,Y,Y,Y,,,Y,,,,,Y,,,,,,,,,,,,Y,,,,,Y,,,,,Y,Y,,,,,,Y,,,Y,,,,,,,,,,,Y,,,Y,,Y,Y,,,Y,,Y,,,,,,,Y,,,Y,,,,,,,,,Y,,,,,,,,,,,,,,,,Y,,,,,,,,,,,,,,,Y,,Y,,,,,
Bulgaria,Europe,Balkans,6781953,110879,False,5,2925,,Y,,Y,,Y,,,,,Y,,Y,,,,Y,,,,,,,,Y,Y,Y,,,,,,Y,,,,,Y,,,,,,,,,,,,Y,,,,,Y,,,,,,Y,Y,Y,,,,Y,,,Y,,,,,,,,,,,,,Y,,Y,,Y,,,Y,,,,,,,,,,Y,,Y,,Y,,,,,,,,,,,,,,,Y,,,,,,,,Y,,,,,,,,,,,,,,,Y,,Y,,,,Y,
Croatia,Europe,Balkans,4030358,56594,False,5,1831,,Y,,Y,,Y,,,,,Y,Y,Y,,,,Y,,,,,,Y,Y,Y,,,,,,,,Y,,,,,Y,,,,,,,,,,,,Y,,,,,Y,,,,,,Y,Y,Y,,,,Y,,,,,,,,,,,,,,Y,,Y,Y,,,Y,,,Y,,,,,,Y,,,Y,,,Y,,Y,,,,,,,,,Y,,,,,,,,,,,,,,,Y,,,,,,,,,,,Y,,,Y,,Y,,,,,
Czechia,Europe,Central Europe,10493986,78867,True,4,1603,,Y,,Y,,Y,,,,,,,,,Y,,Y,,,,,,Y,Y,Y,,,,,,,,Y,,,,,Y,,,,,,,,,,,,,,,Y,Y,,,,,,Y,Y,Y,,,,,,,,,,,,,,,,,,,,,Y,Y,,,Y,,,Y,,,,,,,,,,Y,,Y,,Y,,,,,,,,,,,,,,,,,,,,,,,Y,,,,,,,,,,,,,,,Y,,Y,,,,Y,
Denmark,Europe,Nordic,5882261,43094,False,1,171,,,Y,,,,,,,,,,Y,Y,,,Y,,,,,,Y,Y,Y,,,,,,,,Y,,,,,Y,,,,,,,,,,,,,Y,,,,Y,,,Y,Y,,,,,Y,,,,,,,,,,Y,,Y,,,,,,,Y,,,,Y,,,,,,,Y,,,,,Y,,Y,,,Y,,,,,,,,,,,,,,,,Y,,,,,,Y,,,,,,,,,,,Y,,Y,,,Y,,,,,,,
Estonia,Europe,Nordic,1326062,45228,False,2,318,Y,Y,,Y,,Y,,,,,,Y,,,,,Y,,,,,,Y,Y,Y,,,,,,,,Y,,,,,Y,,,,,,,,,,,,,Y,,,,Y,,,,Y,Y,,,,Y,,,,,,,,,,Y,,Y,,,,,Y,,,Y,,,Y,Y,,Y,,,,,,,,,,Y,,Y,,Y,,,,,,,,,Y,,,,,,,,,,,,,Y,,,,,,,,,,,,,,,,Y,Y,,,,,,
Finland,Europe,Nordic,5540745,338424,False,3,1324,,,Y,,,,Y,,,,Y,,,,,,Y,,,,,,Y,Y,Y,,,,,,,,Y,,,,,Y,,,,,,,,,,,,,Y,,,,Y,,,,,Y,Y,,,Y,,,,,,,,,,,,,,,,,,,,Y,,,Y,,,,,,,Y,,,,,Y,,,Y,,Y,,,,,,,Y,,Y,,,,,,,,,,,,,,,,,Y,,,,,,,,,,,,Y,Y,,,,,,
France,Europe,Western Europe,64626628,551695,False,8,4808,,Y,,,,,,,,,,,Y,,,,Y,,,,,Y,Y,Y,,,,,,,,,Y,,,,,Y,,,,,,,,,,,,,,Y,,,Y,,,,,,Y,Y,Y,Y,,,Y,,Y,Y,Y,Y,,,,,,,Y,Y,,,Y,Y,,,Y,,,Y,,,,,,,,,,Y,,Y,,Y,,,Y,,,,,,Y,,,,,,Y,,,,,,,Y,,,,,,Y,,,,Y,,,,,,Y,Y,Y,Y,,,,
Germany,Europe,Western Europe,83369843,357114,False,9,2962,,,Y,,,,,,,,,,Y,,,,Y,,,,,,Y,Y,Y,,,,,,,,Y,,,,,Y,,,,,,,,,,,,,,Y,,,Y,,,,,,Y,Y,Y,Y,,,,,,Y,,,,,,,,,Y,Y,,,Y,,,Y,,Y,,Y,,,,,,,,,,Y,,Y,,Y,,,,,,,,,Y,,,,,,,,,,,,,Y,,,,,,,,,,,,,,,,Y,Y,Y,,,,,Y
Greece,Europe,Balkans,10384971,131957,False,4,2917,,Y,,,,,,,Y,Y,,,Y,,,,Y,,,,,Y,Y,Y,,,,,,,,,Y,,,,,Y,,,,,,,,,,,,Y,,,,,Y,,Y,,,Y,Y,Y,,,,,Y,,,Y,,,,,,,,,,,,,,Y,,,Y,,,,,,,Y,,,,,Y,,,Y,,Y,,,,,,,,,Y,,,,,Y,,,,,,,,,,Y,,,,,,,,Y,,,Y,,,Y,,Y,,,,,
Hungary,Europe,Central Europe,9967308,93028,True,7,1014,,,Y,,,,,,,,Y,,Y,,,,,Y,,,,,Y,Y,Y,,,,,,,,Y,,,,,Y,,,,,,,,,,,,,,,Y,Y,,,,,,,Y,Y,Y,,,,,,,,,,,,,,,,,,,,Y,,Y,,Y,,,Y,,,,,,,,,,Y,,Y,,Y,,,,,,,,,,,,,,,,,,,,,,,Y,,,,,,,,,,,,,,,Y,Y,,,,,,
Iceland,Europe,Nordic,372295,103000,False,0,2110,Y,,Y,,,,Y,,,,,,,,,,,Y,,,,,Y,Y,Y,,,,,,,,Y,,,,,Y,,,,,,,,,,,,,Y,,,,Y,Y,,,,,,,,Y,,,,,,Y,,,,,,,,,,,Y,Y,Y,Y,,,Y,,,Y,,,,Y,,,,,Y,,,Y,,,,,,,,,,,,,,,,,,Y,,,,,,,,,,Y,,,,,,Y,,,,,,Y,Y,,,,,,
Ireland,Europe,Western Europe,5023109,70273,False,1,1038,Y,,Y,,,,Y,,,,,,Y,,,,,Y,,,,,Y,Y,Y,,,,,,,,Y,,,,,Y,,,,,,,,,,,,,,Y,,,Y,,,Y,Y,,,,,Y,,,,,,,,,,,,,,,,,,,,,Y,,Y,,Y,Y,,,,,,,,,,Y,,Y,Y,Y,,Y,,,,,Y,,Y,,,,,,,,,,,,,,,,,Y,,,,,,,,,,,,Y,Y,,,,,,
Italy,Europe,Southern Europe,59037474,301340,False,6,4808,Y,,Y,,,,,,,,Y,,,,,,,Y,,,Y,Y,Y,,,,,,,,,,Y,,,,,Y,,,,,,,,,,,,,,,,,Y,,,,,,Y,Y,Y,,,,Y,,,Y,Y,Y,,,,,,,Y,Y,,,Y,,Y,,Y,,,Y,,,,,,,,,,Y,,Y,,Y,,,,,,,,,Y,,,,,,Y,,,,,,,,,Y,,,,,,,,Y,,,Y,,,Y,Y,Y,,,,,
Latvia,Europe,Baltic,1850651,64589,False,4,312,,Y,,Y,,Y,,,,,Y,,,,,,,Y,,,,Y,Y,Y,,,,,,,,,Y,,,,,Y,,,,,,,,,,,,,,,,,Y,,,,,Y,Y,Y,,Y,,,,,,,,,,Y,,,,,,,Y,,Y,,,,Y,,,,,,,,,,,,,Y,,Y,,Y,,,,,,,,,Y,,,,,,Y,,,,,,,Y,,,,,,,,,,,,,,,,Y,Y,,,,,,
Liechtenstein,Europe,Western Europe,39327,160,True,2,2599,,,Y,,Y,,,,,Y,,,,,,,,Y,,,,,,,,,Y,Y,Y,Y,,,Y,,,,,Y,,,,,,,,,,,,,,Y,,Y,,,,,Y,Y,,,,,,,,,,Y,,,,,,Y,Y,,,,Y,Y,Y,Y,,Y,,,,Y,,,,,,Y,,,Y,,Y,,,,,,,,,,,,,Y,,,,,Y,,,,,,,,,,Y,,,,,,,,,Y,,,,Y,,Y,,Y,,,
Lithuania,Europe,Baltic,2750055,65300,False,4,294,,Y,,Y,,Y,,,,,Y,,,,,,,Y,,,,,,,,Y,Y,Y,,,,,Y,,,,,Y,,,,,,,,,,,,,,,,,Y,,,,,Y,Y,Y,,Y,,,,,,,,,,Y,,,,,,,Y,,Y,,Y,Y,,,,Y,,,,,,,,,,Y,,Y,,Y,,,,,,,,,Y,,,,,,,,,,,,,Y,,,,,,,,,,,,,,,,Y,Y,,,,,,
Luxembourg,Europe,Western Europe,647599,2586,True,3,560,,,Y,,,,,,,Y,,Y,Y,,Y,,,Y,,,,,,,,,Y,Y,Y,,,,Y,,,,,Y,,,,,,,,,,,,,,Y,,Y,,,,,,Y,Y,,,,,,,,,,,,,Y,,Y,Y,,,,Y,Y,Y,Y,,,Y,,,Y,,,,,,,,,,Y,Y,,,Y,,,Y,,,,Y,,Y,,,,,,,Y,,Y,Y,,,,,,,Y,,,,,,,,,,,,Y,,Y,,,,Y,
Malta,Europe,Southern Europe,533286,316,False,0,253,,Y,,Y,,,,,,,Y,,,,,,,Y,,,Y,Y,Y,,,,,,,,,,Y,,,,,Y,,,,,,,,,,,,,,,,,Y,Y,Y,,,,,,,,,,Y,,,,,,,Y,,Y,Y,,,,Y,Y,Y,,,,Y,,,,,,,Y,,,,,Y,,,Y,Y,Y,Y,Y,,,,,Y,,Y,,,,,,,,,,,,,,,Y,,,,,,,,,,,,,,,,,,Y,,,
Moldova,Europe,Eastern Europe,3272996,33846,True,2,430,,Y,,Y,,,,,,,Y,Y,,,,,,Y,,,,,Y,Y,Y,,,,,,,,Y,,,,,Y,,,,,,,,,,,,,,,,Y,,,,,Y,Y,,,,,,,,,,,,,,Y,,Y,,,,,Y,,Y,Y,,Y,,,,Y,,,,,,Y,,,Y,,,Y,,,,,,,,,,,,,,,,,,,,,,,,,Y,,,,,,,,,,,,,,,Y,,,,,,,
Monaco,Europe,Western Europe,36469,2,False,1,161,,Y,,,,,,,,,Y,Y,,,,,,Y,,,,Y,Y,Y,,,,,,,,,Y,,,,,Y,,,,,,,,,,,,,,Y,,,Y,,,Y,Y,,,,,,,,Y,,,,,,,Y,,Y,Y,,,,Y,Y,Y,,,,Y,,,,,,,,,,,,,Y,Y,,,,,,Y,,,,,,Y,,,,,,,,,Y,Y,,,,,Y,,,,,,,,,,,,,,,,Y,,,,,
Montenegro,Europe,Balkans,626485,13812,False,5,2523,,Y,,,,,,,,Y,,Y,Y,,,,,Y,,,,,,,,,Y,Y,Y,,,,Y,,,,,Y,,,,,,,,,,,,Y,,,,,Y,,,,,,Y,Y,Y,,,,Y,,,Y,,,,,,Y,Y,,,,Y,Y,Y,,,Y,,,,,,,,,,Y,Y,,Y,,,Y,,,,,,,,,,,Y,,,,,,,Y,,,,,,,,Y,,,,,,,,,,,,,,Y,Y,Y,,,,,Y
Netherlands,Europe,Western Europe,17564014,41865,False,2,887,,,Y,,,,,,,,,,Y,,,,,,Y,,,,,,,,Y,Y,Y,Y,,,Y,,,,,Y,,,,,,,,,,,,,,Y,,,Y,,,,Y,Y,,,,Y,,,,,,,,,,Y,,Y,,,,,,,Y,Y,,,Y,,,Y,,,,,,,,,,Y,Y,,,Y,,,,,,,,,Y,,,,,Y,,Y,,,,,,,,,,Y,,,,,,,Y,,,,,Y,Y,,,,,Y,
North Macedonia,Europe,Balkans,2093599,25713,True,5,2764,,Y,,Y,,Y,,,,,,Y,Y,,,,,,Y,Y,,,,,,,Y,Y,Y,Y,,,Y,,,,,Y,,,,,,,,,,,,Y,,,,Y,,,,,,,Y,Y,Y,,,,,,,Y,,,,,,Y,,,,,Y,,Y,,,Y,,,,,,,,,Y,,,,Y,,,Y,,,,,,,,,,,,,,,,,,,,,,,,,Y,,,,,,,,,,,,,,,Y,Y,Y,,,,Y,
Norway,Europe,Nordic,5457127,385207,False,3,2469,,,Y,,,,,,,,Y,Y,Y,,,,,,Y,,,Y,Y,Y,,,,,,,,,Y,,,,,Y,,,,,,,,,,,,,Y,,,,Y,,,,,Y,Y,,,Y,,,,Y,Y,Y,,,,,,,,,,,,,Y,Y,,,Y,,,Y,,,,Y,,,,,Y,,Y,,,,,,,,,,,,,,,,,Y,Y,,,,,,,,,,,Y,,,,,,,,,Y,,,Y,Y,Y,,,,,
Poland,Europe,Central Europe,39857145,312696,False,7,2499,,,Y,,,,Y,,,,Y,Y,,,,,,,Y,,,Y,Y,Y,,,,,,,,,Y,,,,,Y,,,,,,,,,,,,,,,Y,,Y,,,,,,Y,Y,Y,Y,,,,,,Y,,,,,,,,,,Y,,,Y,,,,Y,,,,,,,,,,,,,Y,,Y,,Y,,,,,,,,,,,,,,,,,,,,,,,Y,,,,,,,,,,Y,,,,,Y,Y,Y,,,,,Y
Portugal,Europe,Western Europe,10270865,92090,False,1,2351,,,Y,,,,,,,,Y,Y,Y,,,,,,Y,,,,,,Y,Y,Y,,,,,,Y,,,,,Y,,,,,,,,,,,,,,Y,,,Y,,,Y,Y,,,,,Y,,,,,,Y,,,,,,,,,,,,,Y,,Y,Y,,,,Y,,,,,Y,Y,,,Y,,,Y,,Y,,,,,,Y,,,Y,,,,,,,,,,,,,,,Y,,,,,,,,Y,,,,,,Y,,Y,Y,,,,
Romania,Europe,Balkans,19659267,238398,False,5,2544,,Y,,Y,,Y,,,,,Y,Y,Y,,,,,,Y,,,,Y,Y,Y,,,,,,,,Y,,,,,Y,,,,,,,,,,,,Y,,,,,Y,,,,,,Y,Y,Y,,,,Y,,,Y,,,,,,,,,,,,,Y,Y,,Y,,,,Y,,,,,,,,,,Y,,Y,,Y,,,,,,,,,,,,,,,,Y,,,,,,,Y,,,,,,,,,,,,,,,Y,Y,Y,,,,Y,
Russia,Europe,Eastern Europe,144236933,17098242,False,14,5642,,Y,,Y,,Y,,,Y,,Y,,Y,,,,,,Y,,,Y,Y,Y,,,,,,,,,Y,,,,,Y,,,,,,,,,,,,,,,,,Y,,,,,,Y,Y,Y,Y,Y,,,Y,Y,Y,Y,Y,Y,,Y,,,Y,Y,Y,,,Y,Y,,,Y,,,Y,,,,,,,,,,Y,,Y,,,,,,,,,,,,,,,,,,,,,,,,,Y,,,,,,,,,Y,Y,,Y,,,Y,Y,Y,Y,,,,
San Marino,Europe,Southern Europe,33660,61,True,1,749,,Y,,,,,,,,,Y,Y,Y,,,,,,Y,Y,,,,,,Y,Y,Y,,,,,Y,,,,,Y,,,,,,,,,,,,,,,,Y,,,,Y,Y,,,,,,,,,,,,,,,Y,,Y,Y,,,,Y,Y,,Y,,,Y,,,,,,,,,Y,,,Y,,,Y,,,,,,,,,,,Y,,,,,,,Y,Y,Y,Y,,,,,Y,,,,,,,,,,,,,,Y,,Y,,,,,
Serbia,Europe,Balkans,7221365,88361,True,8,2656,,Y,,Y,,Y,,,,,,,Y,,,,,,Y,,,Y,Y,Y,,,,,,,,,Y,,,,,Y,,,,,,,,,,,,Y,,,,Y,,,,,,,Y,Y,Y,,,,,,,Y,,,,,,,,,,,,,Y,Y,,,Y,,,Y,,,,Y,,Y,Y,,Y,,,Y,,,,,,,,,,,,,,,Y,,,,,,,,,,Y,,,,,,,,,,,,,,,Y,,Y,,,,,
Slovakia,Europe,Central Europe,5643453,49035,True,5,2655,,Y,,Y,,Y,,,,,Y,Y,,Y,,,,,Y,,,,,,Y,Y,Y,,,,,,Y,,,,,Y,,,,,,,,,,,,,,,Y,Y,,,,,,,Y,Y,Y,,,,,,,Y,,,,,,Y,,,,,,,Y,Y,,,Y,,,Y,,,,Y,,Y,,,Y,,,Y,,Y,,,,,,,,,Y,,,,,,,Y,,,,,,,Y,,,,,,,,,,,,,,,Y,,Y,,,,,
Slovenia,Europe,Central Europe,2119675,20273,False,4,2864,,Y,,Y,,Y,,,,,,Y,,,,,,,Y,,,,,,Y,Y,Y,,,,,,Y,,,,,Y,,,,,,,,,,,,,,,Y,,Y,,,,,Y,Y,Y,,,,,Y,,,Y,,,,,,Y,,,,,Y,,Y,Y,,,Y,,,Y,,Y,,,,Y,,,Y,,,Y,,Y,,,,,,,,,Y,,,,,,,Y,,,,,,,Y,,,,,,,,,,,,,,,Y,Y,Y,,,,,
Spain,Europe,Western Europe,47558630,505992,False,5,3718,,,Y,,Y,,,,,,Y,,,,,,,,Y,,Y,Y,Y,,,,,,,,,,Y,,,,,Y,,,,,,,,,,,,,,Y,,,Y,,,,,,Y,Y,Y,Y,,,Y,,Y,Y,Y,,,,,,,,,Y,,,Y,,,Y,,,,,,,,,,Y,,,Y,,Y,,,Y,,,,Y,,,,,Y,,,,,,,,,,,,,,,Y,,,,Y,,,,Y,,,,,,Y,,Y,Y,,,,
Sweden,Europe,Nordic,10549347,450295,False,2,2096,,,Y,,Y,,,,,Y,,,,,,,,,Y,,,Y,Y,Y,,,,,,,,,Y,,,,,Y,,,,,,,,,,,,,Y,,,,Y,,,,Y,Y,,,,Y,,,,,,Y,,,,,,,,,,,,,,Y,,Y,,,,,,,,Y,,,,,Y,,Y,,,Y,,,,,,,,,,,,,,,,Y,,,Y,,,,,,,Y,,,,,,,,,,,,Y,Y,Y,,,,,
Switzerland,Europe,Central Europe,8740472,41284,True,5,4634,,,Y,,,,Y,,,,,,Y,,Y,,,,Y,,,,,,,,Y,Y,Y,Y,,,Y,,,,,Y,,,,,,,,,,,,,,,Y,Y,,,,,,,Y,Y,Y,,,,,,,Y,Y,Y,,,,Y,,,,,,,Y,,,,Y,,,,,,,Y,,,,,Y,,,Y,,,,,Y,,,,Y,,,Y,,,,,Y,,,,,,,,,,Y,,,,,,,,,,,,,Y,Y,Y,,Y,,,
Ukraine,Europe,Eastern Europe,39701739,603500,False,7,2061,Y,Y,,,,,,,,,,,Y,Y,,,,,Y,,,,Y,Y,Y,,,,,,,,Y,,,,,Y,,,,,,,,,,,,,,,,,Y,,,,,,Y,Y,Y,,,,Y,,,Y,,,,,,,,,,Y,,,,Y,,Y,,,,,,,,,,,,,,Y,,Y,,,,,,,,,,,,,,,,,Y,,,,,,,,Y,,,,,,,,,,,,,,,Y,,Y,,,,,
United Kingdom,Europe,Western Europe,67508936,242495,False,1,1345,Y,,Y,,,,,,,Y,,Y,,Y,,,,,Y,Y,,,,,,,Y,Y,Y,Y,,,Y,,,,,Y,,,,,,,,,,,,,,Y,,,Y,,Y,Y,Y,,,,,Y,,,,,,,,,,,,,,,Y,Y,,,Y,Y,,,Y,,,Y,,,,Y,,,,,Y,,Y,,Y,,Y,Y,,,,,,,,,Y,,,,,,,,,,,,,,,Y,,Y,,,,,,,Y,,,Y,Y,Y,,,,Y,
Antigua and Barbuda,North America,Caribbean,93763,442,False,0,402,Y,Y,,Y,,,,,Y,,Y,,Y,,,Y,Y,,,Y,,,,,,,Y,Y,Y,Y,,,,Y,,Y,,Y,,,Y,,,,,,,,,,,,,,Y,Y,Y,,,,,,,Y,,,,,,,,,,Y,,Y,Y,,,,Y,Y,Y,Y,,Y,Y,Y,,Y,Y,,,,Y,,,,Y,,Y,,Y,,Y,Y,,,,,,Y,,,,,,,,Y,Y,,,Y,,,,,,,,,,,,,,,,,,,,,,Y,Y,,
Argentina,South America,Southern Cone,46044703,2780400,False,5,6961,Y,Y,,Y,,,,,,,,,Y,,,Y,Y,,,,,,,,,Y,Y,Y,,,,,,,Y,Y,,,Y,,,,,,,,,,,,,,,,Y,,,,,,Y,Y,Y,Y,,,,,,Y,Y,Y,Y,,Y,,,,,Y,,,,Y,,Y,Y,,,Y,,,,,Y,,,,Y,,,Y,,,,,,Y,,,,,,,,Y,,,,Y,Y,,,,,Y,,,,,,,,Y,Y,Y,Y,,,Y,,Y,Y,Y,,,,,
Bahamas,North America,Caribbean,409984,13943,False,0,63,,,Y,,,,,,,,Y,,,,,,Y,,,,,,Y,Y,Y,,,,,,,,,Y,,Y,,Y,,,Y,,,,,,,,,,,,,,Y,Y,Y,,,,,,,Y,,,,,,,,,,Y,,Y,Y,,,,Y,Y,,Y,,Y,,Y,,Y,,,,,,,,,,Y,Y,,Y,,Y,Y,,,,,,Y,,,,,,,,,,,,Y,,,,,,,,,Y,,Y,,,,,,,,,,,,Y,,
Barbados,North America,Caribbean,281200,430,False,0,336,,,Y,,,,,,,,Y,Y,Y,,,,Y,,,,,,,,Y,Y,Y,,,,,,,Y,,Y,,Y,,,Y,,,,,,,,,,,,,,Y,Y,,,,,,,,Y,,,,,,,,,,Y,,Y,Y,,,,Y,Y,,Y,,Y,,Y,,Y,,,,,,,,,,Y,,Y,Y,,Y,Y,,,,,,Y,,,,,,,,Y,,,Y,Y,,,,,,,,,,,,,,,,,,,,,,,Y,,
Belize,North America,Central America,405272,22966,False,2,1124,,Y,,,,,,,,Y,,,,,Y,,Y,,,,,Y,Y,Y,,,,,,,,,,Y,,Y,,Y,,,,Y,,,,,,,,,,,,,Y,,,,Y,Y,,,,Y,,,,,,,,,,,,Y,,,,,Y,Y,Y,Y,,,Y,,,Y,,,,,,Y,,Y,Y,,Y,,,,Y,Y,,,,,,Y,,,,,,,,,,,Y,Y,,,,,,,,,,,,,,,,,,Y,,Y,,Y,,,
Bolivia,South America,Andes,12224110,1098581,True,5,6542,,Y,,Y,,Y,,,,,Y,Y,,,,,Y,,,,,,Y,Y,Y,,,,,,,,,,Y,Y,,,Y,,,,,,,,,,,,,,,Y,,,,,,,Y,Y,Y,,,,,,,Y,Y,Y,Y,,Y,,,,,,,,Y,,Y,Y,,,,Y,,,,,,Y,,,Y,,,Y,,,,,,Y,,,Y,,,,,,,,Y,,,,,,,,,,Y,,,,,,,,,,,,,Y,Y,Y,,Y,,,
Brazil,South America,South America,215313498,8515767,False,10,2995,,,Y,,,,,,,,Y,,Y,,Y,,Y,,,,,Y,Y,Y,,,,,,,,,,,Y,Y,,,,Y,,,,,,,,,,,,,,,Y,,,,,,Y,Y,Y,Y,,,,,,Y,,,,,Y,,,Y,Y,Y,,,,Y,Y,Y,Y,,,Y,Y,Y,,,Y,,,,Y,,,Y,,,,,,,,Y,,,,,,,,,,,,,Y,Y,,,,,,,Y,,,Y,Y,,,,Y,,,Y,Y,Y,Y,Y,,Y,
Canada,North America,Northern America,38929902,9984670,False,1,5959,,Y,,Y,,,,,,,Y,,,,,,Y,,,,,Y,Y,Y,,,,,,,,,,Y,,Y,,Y,,,,,,,,,,,,,,,,,Y,,,Y,Y,,,,,Y,Y,,,Y,Y,Y,Y,Y,Y,,Y,,,,,Y,,,Y,,,,Y,,,,,,,,,,,Y,Y,,Y,,,,Y,Y,Y,,,,Y,Y,,,,,,Y,,,,,,,,,Y,,,,,,,,,,,,Y,,,Y,Y,Y,Y,Y,Y,,
Chile,South America,Southern Cone,19603733,756102,False,3,6893,,Y,,,,,,,,Y,,,,,,,Y,,,,Y,Y,Y,,,,,,,,,,,,Y,Y,,,Y,,,,,,,,,,,,,,,,Y,,,,,Y,Y,,,,Y,,,,,Y,Y,Y,Y,,,,,,,,,,Y,Y,,,Y,,,Y,,Y,,,,,,,Y,,,Y,,,,,,Y,,,,,,,,Y,,,,,,,,,,Y,,,,,,,,Y,Y,Y,,,Y,Y,,Y,Y,Y,Y,,,,
Colombia,South America,South America,51874024,1141748,False,5,5775,,Y,,Y,,Y,,,,,Y,Y,,,,,Y,,,,,,,,Y,Y,Y,,,,,,,,Y,Y,,,,Y,,,,,,,,,,,,,,,Y,,,,,,Y,Y,Y,Y,Y,,,,Y,Y,Y,Y,Y,,Y,,,,Y,Y,,,Y,Y,,Y,,,,Y,,,,,,,,,,Y,,Y,,,,,,Y,,,,,,,,Y,,,,,,,,Y,,,,,,,Y,,,,,Y,,,,,,Y,,Y,,,,,
Costa Rica,North America,Central America,5180829,51100,False,2,3820,,Y,,Y,,,,,,,Y,Y,Y,,,,Y,,,Y,,,,,,Y,Y,Y,,,,,,Y,,Y,,Y,,,,Y,,,,,,,,,,,,,Y,,,,Y,Y,,,,Y,Y,,,,Y,Y,Y,,,,,,,,,,,,Y,Y,,,Y,,,Y,,,,,,Y,,,Y,,,Y,,,,,,Y,,,,,,,,,,,,,Y,,,Y,,,,,,,,,,,,Y,,,,,,Y,Y,Y,,,,,
Cuba,North America,Caribbean,11212191,109884,False,0,1974,,Y,,Y,,,,,,,Y,,,,,,Y,,,,Y,Y,Y,,,,,,,,,,,Y,,Y,,Y,,,Y,,,,,,,,,,,,,,Y,Y,Y,,,,,,,Y,,,,,,,,,,,,,,,,,,,Y,Y,,,Y,,,Y,,Y,,,,,,,Y,,,,,,,,,Y,,,,,,,,Y,,,,,,,,Y,,,,,,,,,Y,,Y,,,,,,,Y,,Y,,,,,
Dominica,North America,Caribbean,72737,751,False,0,1447,,Y,,Y,,,,,,,Y,Y,,,,,Y,,,,,,,,Y,Y,Y,,,,,,,Y,,Y,,Y,,,Y,,,,,,,,,,,,,,Y,Y,Y,,,,,,,Y,,,,,,,,,,,,Y,Y,,,,Y,Y,Y,,Y,Y,Y,Y,,Y,Y,Y,,,,,Y,,Y,,,Y,Y,,Y,Y,,,,,,Y,,,,,,,,,,,,Y,,,,,,,,,,,,Y,,,,,,,Y,,,,Y,,
Dominican Republic,North America,Caribbean,11228821,48671,False,1,3098,,,Y,,,,,,,,,Y,Y,,,,Y,,,Y,,,,,,,Y,Y,Y,Y,,,,Y,,Y,,Y,,,Y,,,,,,,,,,,,,,Y,,,Y,Y,,,,,Y,,,,,,Y,Y,,,,,Y,,,,,,,Y,Y,,,Y,,,Y,,,,Y,,Y,,,Y,,,Y,,,,,,Y,,,,,,,,Y,,,,Y,Y,,,Y,,,,,,,,,,,,,Y,,,,,Y,Y,Y,,,Y,,
Ecuador,South America,Andes,18001000,256369,False,2,6263,Y,,Y,,,,,,,,,Y,Y,,,,Y,,,,,,Y,Y,Y,,,,,,,,,,Y,Y,,,,Y,,,,,,,,,,,,,,,Y,,,,Y,Y,,,,,Y,,,,,Y,Y,Y,Y,,,,,,,,,,Y,Y,,Y,,,,Y,,,,,,Y,Y,,Y,,,Y,,,,,,Y,,,,Y,,,,,,,Y,,,,,Y,,,,,,,Y,,,,,Y,,,,,,Y,,Y,Y,Y,,,
El Salvador,North America,Central America,6336392,21041,False,2,2730,Y,,Y,,,,,,,,,Y,Y,,,,Y,,,Y,,,,,,,Y,Y,Y,,,,,Y,,Y,,Y,,,,Y,,,,,,,,,,,,,Y,,,,Y,Y,,,,,Y,,,,,Y,,,,,,Y,,,,,,,,Y,,,Y,,,,,,,,,Y,,,Y,,,Y,,,,,,Y,,,,Y,,,,,,,,Y,Y,,,Y,,,,,,,,,,,,Y,,,,,,Y,Y,Y,,,,,
Grenada,North America,Caribbean,124610,344,False,0,840,,Y,,Y,,,,,,,,,Y,,,,Y,,,,,,Y,Y,Y,,,,,,,,,Y,,Y,,Y,,,Y,,,,,,,,,,,,,,Y,Y,Y,,,,,,,Y,,,,,,,,,,Y,,Y,Y,,,,Y,Y,Y,,Y,Y,,,,Y,,Y,,,,,,Y,Y,,Y,,Y,,Y,Y,,,,,,Y,,,,,,,,Y,Y,,,Y,,,,,,,,,,,,,,,,,,,Y,,,Y,Y,,
Guatemala,North America,Central America,17357886,108889,False,4,4220,,Y,,Y,,,,,,,,,,,,,Y,,,,,,,,,Y,Y,Y,,,,,,Y,,Y,,Y,,,,Y,,,,,,,,,,,,,Y,,,,,Y,Y,Y,,Y,Y,,,,Y,Y,Y,Y,,,,,,,,,,,,Y,,,Y,,,,,,,,,Y,Y,Y,Y,,,Y,,,,,,Y,,,,,,,,,,,,Y,Y,Y,Y,Y,,,,,,,,,,,,Y,,,,,,Y,Y,Y,,,,,
Guyana,South America,Guianas,808726,214969,False,3,2772,,Y,,Y,,,,,,,Y,,,,,,Y,,,,,Y,Y,Y,,,,,,,,,,,Y,Y,,Y,,,,,,,,,,,,,,,,,Y,,,,,Y,Y,,,Y,,,,,,Y,,,,,,,,,,,Y,Y,Y,,Y,Y,Y,Y,,Y,Y,,,,,,,,,Y,,Y,Y,,Y,Y,,,,,,Y,,,,,,,,Y,,,Y,Y,,,,,,,,,,,,,,,,,,Y,,Y,,,,Y,
Haiti,North America,Caribbean,11584996,27750,False,1,2680,,Y,,,,,,,,,Y,,,,,,,Y,,,Y,Y,Y,,,,,,,,,,,Y,,Y,,Y,,,Y,,,,,,,,,,,,,,Y,,,Y,Y,,,,,Y,,,,,,Y,,,,,,Y,,,,,,,Y,Y,,,,,,,,,,,,Y,,Y,Y,,,Y,,,,,Y,,,,Y,,,,,,,,,Y,,,,Y,,,,,,,,,,,,,,,,,,Y,Y,Y,,,,,
Honduras,North America,Central America,10432860,112492,False,3,2870,,,Y,,,,,,,,Y,Y,Y,,,,,Y,,,,,,,Y,Y,Y,,,,,,,Y,,Y,,Y,,,,Y,,,,,,,,,,,,,Y,,,,,Y,Y,,,Y,Y,,,,Y,Y,,,,,,,,,,,,,,Y,,,Y,,,,,Y,,,,,,,Y,,,Y,,,,,,Y,,,,,,,,,,,,Y,,,,Y,,,,,,,,,,,,,,,,,,Y,Y,Y,,,,,
Jamaica,North America,Caribbean,2827377,10991,False,0,2256,,Y,,Y,,,,,,,Y,,,,Y,,,Y,,,,,Y,Y,Y,,,,,,,,,Y,,Y,,Y,,,Y,,,,,,,,,,,,,,Y,Y,,,,,,,,Y,,,,,,Y,,,,,,Y,Y,,,,Y,,,,Y,Y,,Y,,Y,,,,,,,,,,Y,Y,,Y,,Y,Y,,,,,,Y,,,,,,,,,,,,Y,,,,,,,,,,,,,,,,,,Y,,Y,,,Y,,
Mexico,North America,North America,127504125,1964375,False,3,5636,,Y,,,,,,,,Y,,Y,,,Y,,,Y,,,,Y,Y,Y,,,,,,,,,,Y,,Y,,Y,,,,,,,,,,,,,,,,,Y,,,,,Y,Y,,,Y,Y,,,,Y,Y,Y,Y,Y,,Y,,,Y,Y,Y,,,Y,,Y,,Y,,,Y,,,,,,Y,Y,Y,Y,,,Y,,,,,,Y,,,,,,,,Y,,,,Y,Y,Y,Y,,Y,,,,,,,,Y,,Y,Y,Y,,Y,Y,,Y,Y,Y,Y,,,,Y
Nicaragua,North America,Central America,6948392,130373,False,2,2107,,Y,,Y,,,,,,,Y,,Y,,,,,,Y,,,,,,,Y,Y,Y,,,,,,Y,,Y,,Y,,,,Y,,,,,,,,,,,,,Y,,,,Y,Y,,,,Y,Y,,,,Y,Y,,,,,,,,,,,,,,Y,,,Y,,,,,,,,Y,Y,,,Y,,,Y,,,,,,Y,,,,,,,,,,,,,,,,Y,,,,,,,,,,,,Y,,,,,,Y,Y,Y,,,,,
Panama,North America,Central America,4408581,75417,False,2,3475,,Y,,Y,,,,,,,Y,,,,,,,,Y,,,Y,Y,Y,,,,,,,,,,Y,,Y,,Y,,,,Y,,,,,,,,,,,,,Y,,,,Y,Y,,,,Y,Y,,,,Y,Y,Y,,,,,,,,,,Y,,Y,Y,,,Y,,,Y,,Y,,,,,,,Y,,,Y,,,,,,Y,,,,,,,,,,,,Y,Y,Y,Y,Y,,,,,,,,,,,,,,,,,,Y,Y,Y,,,,,Y
Paraguay,South America,South America,6780744,406752,True,3,842,,,Y,,,,,,,,Y,,Y,,,,,,Y,,,,,,Y,Y,Y,,,,,,,,Y,Y,,,Y,,,,,,,,,,,,,,,Y,,,,,,Y,Y,,,,,,,,,,,,,Y,,,,,,,,,Y,Y,,,Y,,,Y,,Y,,,,Y,,,Y,,,Y,,,,,,Y,,,Y,,,,,,,Y,,,,,,,,,,,,,,,,Y,Y,,,,,,,Y,Y,,,,,Y,
Peru,South America,Andes,34049588,1285216,False,5,6768,,Y,,,,,,,,Y,,,Y,,,,,,Y,,Y,Y,Y,,,,,,,,,,,,Y,Y,,,Y,,,,,,,,,,,,,,,,Y,,,,,,Y,Y,Y,,Y,,,,,Y,Y,Y,Y,,Y,,,,,Y,,,Y,,,,Y,,,,,,,,,Y,,,Y,,,Y,,,,,,Y,,,Y,,,,,,,,Y,,,,,,,,,,Y,,,,,,,Y,,,,Y,,Y,Y,Y,,,,,
Saint Kitts and Nevis,North America,Caribbean,47657,261,False,0,1156,,,Y,,,,,,Y,,,,,Y,,Y,,,Y,Y,,,,,,,Y,Y,Y,Y,,,,Y,,Y,,Y,,,Y,,,,,,,,,,,,,,Y,Y,Y,,,,,,,Y,,,,,,,,,,,,Y,Y,,,,Y,Y,Y,,Y,Y,Y,Y,,Y,Y,Y,,,,,,,Y,,Y,,Y,,Y,Y,,,,,,Y,,,,,,,,Y,,,,Y,,,,,,,,,,,,,,,,,,,,,,,Y,,
Saint Lucia,North America,Caribbean,179857,616,False,0,950,,Y,,Y,,Y,,,,,Y,,,,,,,,Y,Y,,,,,,,Y,Y,Y,,,,,Y,,Y,,Y,,,Y,,,,,,,,,,,,,,Y,Y,,,,,,,,Y,,,,,,,,,,Y,,Y,Y,,,,Y,Y,,Y,,Y,Y,Y,,Y,Y,,,,,,,,,Y,Y,,Y,,Y,Y,,,,,,Y,,,,,,,,,,,,Y,,,,,,,,,,,,,,,,,,,,,,,Y,,
Saint Vincent and the Grenadines,North America,Caribbean,103948,389,False,0,1234,,,Y,,,,,,,,,,Y,,,Y,,,Y,Y,,,,,,,Y,Y,Y,Y,,,,Y,,Y,,Y,,,Y,,,,,,,,,,,,,,Y,Y,Y,,,,,,,Y,,,,,,,,,,,,Y,Y,,,,Y,Y,,Y,Y,Y,,,,Y,,,,,,,,,,Y,Y,,Y,,Y,Y,,,,,,Y,,,,,,,,Y,,,,Y,,,,,,,,,,,,Y,,,,,,,,,,,Y,,
Suriname,South America,Guianas,618040,163820,False,3,1230,,Y,,,,,,,,,,,Y,,,,,,Y,,,,,,Y,Y,Y,,,,,,,,Y,Y,,Y,,,,,,,,,,,,,,,,,Y,,,,,Y,Y,,,Y,,,,,,,,,,,,,,,,,Y,Y,Y,,Y,Y,Y,,,Y,Y,Y,,,,,,,Y,,,Y,Y,,,,,,,,,Y,,,,,,,,Y,,,,Y,,,,,,,,,,,,,,,,,,Y,Y,,,,,,
Trinidad and Tobago,North America,Caribbean,1531044,5130,False,0,940,,Y,,,,,,,,,Y,Y,Y,,,,,,Y,Y,,,,,,,Y,Y,Y,Y,,,,Y,,Y,,Y,,,Y,,,,,,,,,,,,,,Y,Y,Y,,,,,,,Y,,,,,,,,,,Y,,Y,Y,,,,Y,,Y,,,,Y,Y,,Y,,,,,,,,,,Y,,Y,Y,,Y,Y,,,,,,Y,,,,,,,,Y,Y,,,Y,,,,,,,,,,,,,,,,,,Y,,Y,,,Y,,
United States,North America,Northern America,333287557,9833517,False,2,6190,Y,,Y,,,,,,,,,,,,,,,,Y,Y,,,,,,,Y,Y,Y,Y,,,,Y,,Y,,Y,,,,,,,,,,,,,,,,,Y,,,,Y,Y,,,,Y,Y,,,Y,Y,Y,Y,Y,Y,,Y,,,Y,Y,Y,,,Y,Y,,,Y,,,Y,,Y,,,,,,,Y,,,Y,,,,Y,,,,,,Y,,,,,,,,Y,Y,,,,,Y,,,,,,,,,,Y,Y,,Y,Y,,Y,Y,Y,Y,Y,Y,,Y
Uruguay,South America,Southern Cone,3422794,176215,False,2,514,Y,,Y,,,,,,,,Y,,Y,,,,,,Y,,,,Y,Y,Y,,,,,,,,,,Y,Y,,,Y,,,,,,,,,,,,,,,,Y,,,,Y,Y,,,,Y,,,,,,,,,,Y,,,,,,,Y,,,Y,,Y,Y,,,Y,,,,,Y,,,,Y,,,Y,,,,,,Y,,,,,,,,Y,,,,Y,,,,,,Y,,,,,,,,,,,,,,,,Y,Y,Y,,,,,
Venezuela,South America,South America,28301696,916445,False,3,4978,,Y,,Y,,,,,,,,,,,Y,,,,Y,,,,,,,Y,Y,Y,,,,,,,Y,Y,,Y,,,,,,,,,,,,,,,,,Y,,,,,Y,Y,,,Y,,,,,,Y,Y,Y,,,,,,,,Y,,,Y,Y,,Y,,,,Y,,Y,,,,,Y,,Y,,,Y,,,,,,Y,,,,,,,,,,,,,,,,Y,,,,,,,,,,,,,,,,,,Y,Y,Y,,,,,
Australia,Oceania,Australasia,26177413,7692024,False,0,2228,Y,Y,,Y,,Y,,,,,Y,,Y,,,Y,Y,,,,,,,,,Y,Y,Y,,,,,,,,,Y,,Y,,,,,,,,,,,,,,,,Y,Y,,,,,,,,,Y,Y,,,Y,Y,,,,,Y,,,,,Y,,,Y,Y,,,Y,,,Y,,Y,,,,Y,,,Y,,Y,,Y,,Y,Y,,,,,,Y,,,,,,,,,,,,,Y,,,,,,,,,Y,Y,,Y,,Y,Y,,Y,Y,Y,Y,Y,,,
Fiji,Oceania,Melanesia,929766,18272,False,0,1324,,Y,,,,,,,,Y,Y,,,,Y,,Y,,,,Y,Y,Y,,,,,,,,,,,,,,Y,,Y,,,,,,,,,,,,,,,,Y,Y,Y,,,,,,,,Y,,,,,,,,,,,Y,Y,,,,Y,Y,Y,Y,,,Y,,,Y,,,,,,Y,,,Y,,,Y,Y,,Y,Y,,,,,Y,Y,,,,,,,Y,,,,,Y,,,,,,,,,,,,,,,,,,Y,,,,,,,
Kiribati,Oceania,Micronesia,131232,811,False,0,81,,Y,,,,,,,,,Y,,Y,Y,,,,Y,,,,,,,Y,Y,Y,,,,,,,,,,Y,,,Y,,,,,,,,,,,,,,,Y,Y,Y,,,,,,,,Y,,,,,,,,,Y,,Y,Y,,,,Y,Y,Y,Y,,Y,Y,,,Y,Y,,,,Y,,Y,,Y,,,Y,Y,,Y,Y,,,,,Y,Y,,,,,,,,,,,,Y,,,,,,,Y,,,,,,,,,,,,,,Y,Y,,,
Marshall Islands,Oceania,Micronesia,41569,181,False,0,14,,,Y,,,,,,Y,,Y,,Y,,,,,Y,,Y,,,,,,,Y,Y,Y,Y,,,,,,,Y,Y,,,,,,,,,,,,,,,,,Y,Y,Y,,,,,,,,Y,,,,,,,,,Y,,Y,Y,,,,Y,Y,,Y,,,Y,,Y,Y,,Y,,,,,,,Y,,,Y,,,,Y,,,,,Y,Y,,,,,,,,,,,Y,Y,,,,,,,,,,,,,,,,,,,,,,,,,
Micronesia,Oceania,Micronesia,113131,702,False,0,791,,Y,,Y,,Y,,,,,,Y,Y,,,,,Y,,,,,,,,,Y,Y,Y,,,,,,,,Y,Y,,,,,,,,,,,,,,,,,Y,Y,Y,,,,,,,,Y,,,,,,,,,Y,,Y,Y,,,,Y,Y,,Y,,,Y,,,,,Y,,,,,,,Y,,,Y,,,,Y,,,,,,Y,,,,,,,,,,,,Y,,,,,,,,,,,,,,,Y,,,,,,Y,Y,,,
Nauru,Oceania,Micronesia,12668,21,False,0,65,,Y,,,,,,,,,Y,,Y,,,,,,Y,,Y,Y,Y,,,,,,,,,,,,,,Y,,Y,,,,,,,,,,,,,,,,Y,Y,,,,,,,,,Y,,,,,,,,,Y,,Y,Y,,,,Y,Y,,Y,,Y,Y,,,Y,,Y,,,,,,,Y,,,Y,Y,,Y,Y,,,,,Y,Y,,,,,,,Y,,,,,Y,,,,,,,,,,,,,,,,,,,Y,,,,,,
New Zealand,Oceania,Australasia,5228100,268838,False,0,3724,,,Y,,,,Y,,,,,,,,Y,,,,Y,Y,,,,,,,Y,Y,Y,,,,,,,,Y,,Y,,,,,,,,,,,,,,,,Y,Y,Y,,,,,,,,Y,,,,,Y,Y,,,,,,,,,,,,Y,Y,,,Y,,,Y,,Y,,,,,,,Y,,Y,,Y,,Y,Y,,,,,Y,Y,,,,,,,,Y,,,,,,Y,,,,,,,,,,Y,,,Y,,,Y,Y,Y,Y,Y,,,
Palau,Oceania,Micronesia,18055,459,False,0,242,,Y,,,,,,,,,Y,,,,,,,,Y,,Y,Y,Y,,,,,,,,,,,,,,Y,Y,,,,,,,,,,,,,,,,,Y,Y,Y,,,,,,,,Y,,,,,,,,,Y,,Y,Y,,,,Y,Y,,Y,,Y,,,,,,,,,Y,,,,Y,,,Y,,,,Y,,,,,Y,Y,,,,,,,,Y,,,,Y,,,,,,,,,,,,,,,,,,,Y,,,,,,
Papua New Guinea,Oceania,Melanesia,10142619,462840,False,1,4509,,Y,,Y,,,,,,,,,,,,,,,Y,Y,,,,,,,Y,Y,Y,Y,,,,,,,Y,,Y,,,,,,,,,,,,,,,,Y,,Y,Y,Y,,,,,,Y,,,,,Y,Y,Y,,,,,,,,,,,Y,,,Y,,Y,,Y,,Y,,,,,Y,,Y,,Y,,Y,,Y,Y,,,,,Y,,,,,,,,,Y,Y,,Y,Y,,,,,,,,,,,,Y,,,Y,,,Y,,Y,Y,,,,
Samoa,Oceania,Polynesia,222382,2842,False,0,1858,,Y,,Y,,,,,,,Y,Y,,,,,,,Y,,Y,Y,Y,,,,,,,,,,,,,,Y,,Y,,,,,,,,,,,,,,,,Y,Y,Y,,,,,,,,Y,,,,,,,,,,,Y,Y,,,,Y,Y,Y,Y,,,Y,,,Y,,Y,,,,,,,Y,,,Y,Y,,Y,Y,,,,,Y,,,,,,,Y,Y,,,,,Y,,,,,,,,,,,,,,,,,,,Y,,,,,,
Solomon Islands,Oceania,Melanesia,724273,28896,False,0,2335,,,Y,,,,,,,,Y,Y,,,,Y,,,Y,Y,,,,,,,Y,Y,Y,Y,,,,,,,Y,,Y,,,,,,,,,,,,,,,,Y,Y,Y,,,,,,,,Y,,,,,Y,,,,,,Y,,,,,Y,Y,,Y,Y,Y,Y,,,Y,Y,Y,,,,,,,Y,,Y,,Y,,Y,Y,,,,,,Y,,,,,,,,,,,,Y,,,,,,,,,,,,Y,,,Y,,,,Y,,,,,,
Tonga,Oceania,Polynesia,106858,747,False,0,1033,,Y,,Y,,,,,,,Y,Y,,,,,,,Y,,Y,Y,Y,,,,,,,,,,,,,,Y,,Y,,,,,,,,,,,,,,,,Y,Y,Y,,,,,,,,Y,,,,,,,,,,,Y,Y,,,,Y,Y,Y,,,,Y,,,,,,,Y,,,,,Y,,Y,,Y,,Y,Y,,,,,Y,,,,,,,,,Y,,,,Y,,,,,,,,,,,,Y,,,,,,,,,,Y,,,
Tuvalu,Oceania,Polynesia,11312,26,False,0,5,,Y,,,,,,,,,Y,,,,,,,,Y,,,Y,Y,Y,,,,,,,,,,,,,Y,,Y,,,,,,,,,,,,,,,,Y,Y,Y,,,,,,,,Y,,,,,,,,,Y,,Y,Y,,,,Y,Y,Y,Y,,Y,Y,,,Y,Y,Y,,,,,,,Y,,Y,,Y,,Y,Y,,,,,Y,Y,,,,,,,,,,,,Y,,,,,,,,,,,,,,,,,,,,,,,,,
Vanuatu,Oceania,Melanesia,326740,12189,False,0,1879,,Y,,,,,,,,,Y,,,,,,,,Y,,,,Y,Y,Y,,,,,,,,,,,,Y,,Y,,,,,,,,,,,,,,,,Y,Y,Y,,,,,,,,Y,,,,,,,,,,,Y,Y,,,,Y,Y,Y,,Y,Y,,Y,,Y,Y,,,,,,Y,Y,Y,,,Y,,,Y,Y,Y,,,,Y,,,,,,,,,,Y,,,Y,,,,,,,,,,,,Y,,,,,,,Y,,,,,,
